Source,Target,Weight
1,2,0.5477225575051662
1,3,0.47809144373375745
1,10,0.40451991747794525
1,14,0.44721359549995787
1,32,0.4338609156373123
1,65,0.40824829046386296
1,92,0.5477225575051662
1,93,0.39999999999999997
1,99,0.5163977794943223
1,320,0.47434164902525683
1,325,0.4472135954999579
1,326,0.5477225575051662
1,327,0.5477225575051662
1,328,0.44721359549995787
1,329,0.4472135954999579
1,339,0.4472135954999579
1,360,0.4601789933084222
1,368,0.39999999999999997
1,369,0.4472135954999579
1,374,0.47434164902525683
1,384,0.5070925528371099
1,386,0.4472135954999579
1,387,0.4338609156373123
1,388,0.39999999999999997
1,405,0.6324555320336758
1,407,0.6
1,484,0.5393598899705937
1,493,0.38729833462074176
1,495,0.5070925528371099
1,709,0.39999999999999997
1,768,0.4780914437337575
1,790,0.39999999999999997
1,794,0.4242640687119285
1,807,0.5070925528371099
1,828,0.4472135954999579
1,836,0.5163977794943223
1,930,0.39999999999999997
1,931,0.44721359549995787
1,933,0.4472135954999579
2,1,0.5477225575051662
2,14,0.5443310539518174
2,32,0.39605901719066977
2,65,0.37267799624996495
2,92,0.5000000000000001
2,99,0.4714045207910318
2,320,0.5773502691896258
2,325,0.4082482904638631
2,329,0.4082482904638631
2,339,0.4082482904638631
2,360,0.42008402520840293
2,369,0.4082482904638631
2,386,0.4082482904638631
2,405,0.5773502691896258
2,484,0.492365963917331
2,495,0.46291004988627577
2,545,0.4082482904638631
2,758,0.408248290463863
2,794,0.38729833462074176
2,807,0.46291004988627577
2,836,0.4714045207910318
2,931,0.408248290463863
2,933,0.4082482904638631
3,1,0.47809144373375745
3,5,0.40406101782088427
3,65,0.4879500364742666
3,68,0.4629100498862758
3,92,0.545544725589981
3,99,0.5400617248673217
3,283,0.3779644730092272
3,325,0.4008918628686366
3,326,0.43643578047198484
3,327,0.43643578047198484
3,328,0.44543540318737396
3,329,0.4008918628686366
3,330,0.3779644730092272
3,339,0.4008918628686366
3,347,0.4008918628686366
3,349,0.4629100498862758
3,359,0.3779644730092272
3,360,0.5041841733655161
3,364,0.3779644730092272
3,369,0.4008918628686366
3,374,0.3779644730092272
3,384,0.5050762722761053
3,386,0.4008918628686366
3,398,0.4629100498862758
3,405,0.5669467095138409
3,407,0.47809144373375745
3,412,0.37062465833055064
3,503,0.40406101782088427
3,593,0.4364357804719849
3,602,0.4285714285714286
3,605,0.4629100498862758
3,710,0.3779644730092272
3,722,0.4008918628686366
3,745,0.40406101782088427
3,807,0.40406101782088427
3,831,0.4008918628686366
3,836,0.4629100498862758
3,932,0.40406101782088427
3,933,0.4008918628686366
4,230,0.4803844614152615
5,3,0.40406101782088427
5,25,0.3779644730092272
5,34,0.3779644730092272
5,104,0.3779644730092272
5,320,0.4008918628686365
5,933,0.3779644730092272
6,383,0.42640143271122083
7,818,0.4082482904638631
8,32,0.39605901719066977
8,383,0.5773502691896258
8,545,0.4082482904638631
8,660,0.4082482904638631
9,23,0.39999999999999997
9,52,0.4472135954999579
9,69,0.5163977794943223
9,76,0.39999999999999997
9,545,0.4472135954999579
9,639,0.44721359549995787
9,686,0.40451991747794525
9,687,0.4242640687119285
9,688,0.40451991747794525
9,690,0.40451991747794525
9,692,0.7302967433402215
9,726,0.39999999999999997
9,750,0.39999999999999997
9,915,0.4472135954999579
10,1,0.40451991747794525
10,93,0.40451991747794525
10,331,0.45226701686664544
10,374,0.42640143271122083
10,405,0.42640143271122083
10,407,0.40451991747794525
10,930,0.40451991747794525
11,334,0.4082482904638631
11,491,0.3872983346207417
11,492,0.3872983346207417
11,681,0.4082482904638631
11,860,0.5
13,14,0.4303314829119351
13,471,0.4216370213557839
13,495,0.4879500364742665
14,1,0.44721359549995787
14,2,0.5443310539518174
14,13,0.4303314829119351
14,29,0.408248290463863
14,30,0.44721359549995787
14,65,0.48686449556014766
14,92,0.408248290463863
14,99,0.3849001794597505
14,320,0.4714045207910316
14,326,0.408248290463863
14,327,0.5443310539518174
14,329,0.5
14,369,0.5
14,386,0.5
14,388,0.5962847939999438
14,405,0.4714045207910316
14,442,0.48112522432468824
14,484,0.40201512610368484
14,495,0.6299407883487119
14,585,0.3849001794597505
14,605,0.3849001794597505
14,703,0.40201512610368484
14,704,0.4216370213557839
14,749,0.3779644730092272
14,768,0.5345224838248488
14,836,0.3849001794597505
14,911,0.408248290463863
14,913,0.4576043153224294
14,930,0.5962847939999438
14,932,0.6299407883487119
16,75,0.5773502691896258
16,663,0.408248290463863
16,710,0.408248290463863
17,27,0.5669467095138407
17,92,0.4082482904638631
17,99,0.43301270189221935
17,100,0.5669467095138407
17,343,0.6123724356957946
17,347,0.5
17,352,0.3779644730092272
17,358,0.4082482904638631
17,360,0.42874646285627205
17,398,0.5773502691896258
17,427,0.5
17,471,0.4082482904638631
17,490,0.5
17,510,0.6708203932499369
17,552,0.75
17,561,0.3779644730092272
17,585,0.5773502691896258
17,599,0.5
17,600,0.5669467095138407
17,615,0.3779644730092272
17,660,0.5
17,678,0.8660254037844388
17,722,0.5
17,757,0.4472135954999579
17,826,0.4082482904638631
17,892,0.4082482904638631
19,76,0.38729833462074176
19,613,0.545544725589981
19,615,0.4364357804719848
19,661,0.4351941398892447
19,738,0.566946709513841
19,783,0.4330127018922194
19,915,0.4330127018922194
20,35,0.6289709020331509
20,36,0.5039526306789696
20,41,0.5976143046671968
20,46,0.6546536707079772
20,50,0.5345224838248487
20,51,0.7171371656006361
20,52,0.7559289460184544
20,54,0.5640760748177661
20,55,0.3779644730092272
20,56,0.6060915267313264
20,60,0.5039526306789696
20,64,0.4780914437337574
20,68,0.6546536707079772
20,69,0.4364357804719848
20,71,0.5039526306789696
20,73,0.44543540318737396
20,75,0.3779644730092272
20,81,0.5039526306789696
20,101,0.6172133998483676
20,349,0.4364357804719848
20,359,0.5345224838248487
20,360,0.38892223413129856
20,361,0.46291004988627577
20,412,0.4193139346887673
20,671,0.4583492485141056
20,712,0.3779644730092272
20,726,0.6761234037828131
20,739,0.4008918628686365
20,754,0.6172133998483676
20,766,0.4008918628686365
20,781,0.545544725589981
20,792,0.6172133998483676
20,840,0.5345224838248487
20,912,0.4285714285714285
20,915,0.3779644730092272
20,917,0.45584230583855173
20,931,0.3779644730092272
22,388,0.3721042037676254
22,405,0.39223227027636803
22,930,0.3721042037676254
22,931,0.5547001962252291
23,9,0.39999999999999997
23,35,0.3721042037676254
23,36,0.44721359549995787
23,52,0.4472135954999579
23,57,0.4472135954999579
23,60,0.44721359549995787
23,67,0.40451991747794525
23,69,0.5163977794943223
23,76,0.39999999999999997
23,726,0.39999999999999997
23,781,0.38729833462074176
23,915,0.4472135954999579
25,5,0.3779644730092272
25,34,1.0
25,93,0.4472135954999579
25,96,0.4082482904638631
25,104,0.5
25,319,0.7071067811865475
25,321,0.7071067811865475
25,546,0.4472135954999579
25,549,0.5
25,584,0.5773502691896258
25,588,0.3779644730092272
25,601,0.5
25,695,0.3779644730092272
25,826,0.4082482904638631
25,930,0.4472135954999579
26,47,0.4082482904638631
26,87,0.4082482904638631
26,842,0.408248290463863
26,873,0.4714045207910318
26,893,0.5773502691896258
26,894,0.5773502691896258
26,918,0.408248290463863
27,17,0.5669467095138407
27,100,0.4285714285714285
27,343,0.46291004988627577
27,347,0.5669467095138407
27,398,0.6546536707079772
27,427,0.3779644730092272
27,468,0.5345224838248487
27,490,0.3779644730092272
27,510,0.5070925528371099
27,552,0.5669467095138407
27,561,0.4285714285714285
27,585,0.4364357804719848
27,599,0.3779644730092272
27,600,0.4285714285714285
27,605,0.4364357804719848
27,660,0.3779644730092272
27,678,0.6546536707079772
27,722,0.5669467095138407
27,826,0.46291004988627577
27,831,0.5669467095138407
28,107,0.47140452079103173
28,537,0.48112522432468824
28,538,0.4166666666666667
28,560,0.3849001794597506
28,605,0.40824829046386313
28,610,0.372677996249965
28,621,0.5499719409228704
28,703,0.42640143271122094
28,706,0.39223227027636814
28,745,0.44543540318737396
28,781,0.4762896722078403
29,14,0.408248290463863
29,30,0.5477225575051662
29,43,0.4082482904638631
29,62,0.38729833462074176
29,65,0.37267799624996495
29,115,0.43301270189221935
29,172,0.447213595499958
29,179,0.4082482904638631
29,181,0.4714045207910318
29,234,0.38729833462074176
29,414,0.4364357804719849
29,421,0.5773502691896258
29,423,0.4082482904638631
29,495,0.46291004988627577
29,503,0.46291004988627577
29,535,0.5477225575051662
29,536,0.4714045207910318
29,554,0.4714045207910318
29,559,0.4082482904638631
29,606,0.408248290463863
29,610,0.38729833462074176
29,619,0.4082482904638631
29,620,0.4714045207910318
29,624,0.43301270189221935
29,625,0.43301270189221935
29,691,0.4082482904638631
29,704,0.38729833462074176
29,707,0.408248290463863
29,749,0.46291004988627577
29,778,0.39605901719066977
29,791,0.38729833462074176
29,808,0.5163977794943223
29,839,0.5443310539518174
29,842,0.408248290463863
29,909,0.4900980294098034
29,910,0.6123724356957946
29,932,0.46291004988627577
30,14,0.44721359549995787
30,29,0.5477225575051662
30,62,0.4242640687119285
30,115,0.47434164902525683
30,388,0.39999999999999997
30,442,0.38729833462074176
30,559,0.4472135954999579
30,625,0.47434164902525683
30,703,0.40451991747794525
30,704,0.4242640687119285
30,707,0.44721359549995787
30,749,0.5070925528371099
30,835,0.40451991747794525
30,930,0.39999999999999997
31,432,0.4082482904638631
31,582,0.46291004988627577
32,1,0.4338609156373123
32,2,0.39605901719066977
32,8,0.39605901719066977
32,455,0.4387634544762784
32,456,0.420084025208403
32,459,0.5144957554275265
32,471,0.39605901719066977
32,478,0.420084025208403
32,484,0.5118906968889915
32,485,0.420084025208403
32,491,0.5636018619766345
32,492,0.5636018619766345
32,493,0.4900980294098035
32,512,0.420084025208403
32,515,0.5144957554275265
32,533,0.4036036763977875
32,542,0.420084025208403
32,560,0.39605901719066977
32,561,0.4583492485141056
32,562,0.5144957554275265
32,567,0.6859943405700353
32,568,0.5144957554275265
32,646,0.4036036763977875
32,647,0.48507125007266594
32,655,0.420084025208403
32,673,0.48507125007266594
32,686,0.4387634544762784
32,878,0.420084025208403
32,926,0.5144957554275265
33,402,0.5039526306789696
33,410,0.48112522432468824
33,688,0.40201512610368484
33,748,0.502518907629606
34,5,0.3779644730092272
34,25,1.0
34,93,0.4472135954999579
34,96,0.4082482904638631
34,104,0.5
34,319,0.7071067811865475
34,321,0.7071067811865475
34,546,0.4472135954999579
34,549,0.5
34,584,0.5773502691896258
34,588,0.3779644730092272
34,601,0.5
34,695,0.3779644730092272
34,826,0.4082482904638631
34,930,0.4472135954999579
35,20,0.6289709020331509
35,23,0.3721042037676254
35,36,0.5547001962252291
35,41,0.5262348115842176
35,46,0.5604485383178051
35,50,0.39223227027636803
35,51,0.6139406135149205
35,52,0.5547001962252291
35,54,0.47304991679126607
35,56,0.44474958999666075
35,60,0.5547001962252291
35,71,0.647150228929434
35,101,0.45291081365783836
35,344,0.3721042037676254
35,359,0.39223227027636803
35,383,0.39223227027636803
35,412,0.38461538461538464
35,564,0.41602514716892186
35,671,0.4036036763977875
35,726,0.4961389383568338
35,754,0.45291081365783836
35,781,0.4003203845127179
35,792,0.45291081365783836
35,840,0.39223227027636803
36,20,0.5039526306789696
36,23,0.44721359549995787
36,35,0.5547001962252291
36,41,0.4216370213557839
36,46,0.48112522432468824
36,50,0.5892556509887895
36,51,0.4216370213557839
36,52,0.6666666666666666
36,54,0.4974683381630909
36,59,0.6024640760767093
36,60,0.9999999999999997
36,64,0.4216370213557839
36,68,0.3849001794597505
36,69,0.3849001794597505
36,71,0.4444444444444444
36,73,0.4714045207910317
36,101,0.5443310539518174
36,102,0.4303314829119351
36,167,0.408248290463863
36,359,0.4714045207910316
36,361,0.408248290463863
36,383,0.4714045207910316
36,398,0.3849001794597505
36,402,0.3779644730092272
36,585,0.3849001794597505
36,639,0.4444444444444444
36,671,0.48507125007266594
36,678,0.3849001794597505
36,688,0.502518907629606
36,689,0.5039526306789696
36,690,0.40201512610368484
36,695,0.5039526306789696
36,708,0.4216370213557839
36,726,0.5962847939999438
36,754,0.5443310539518174
36,781,0.5773502691896258
36,792,0.5443310539518174
36,840,0.4714045207910316
36,912,0.3779644730092272
36,931,0.4444444444444444
37,38,0.6708203932499369
37,103,0.5070925528371099
37,199,0.44721359549995787
37,409,0.5962847939999438
37,771,0.4472135954999579
37,811,0.4242640687119285
37,919,0.38729833462074176
38,37,0.6708203932499369
38,103,0.5669467095138407
38,199,0.5
38,409,0.5
38,558,0.3779644730092272
38,767,0.4082482904638631
38,770,0.4082482904638631
38,811,0.4743416490252569
38,919,0.4330127018922194
39,125,0.4387634544762784
39,451,0.39605901719066977
40,161,0.5477225575051662
40,709,0.39999999999999997
41,20,0.5976143046671968
41,35,0.5262348115842176
41,36,0.4216370213557839
41,46,0.5477225575051662
41,50,0.5590169943749475
41,51,0.7
41,52,0.6324555320336759
41,54,0.5393598899705936
41,56,0.6761234037828132
41,60,0.4216370213557839
41,64,0.39999999999999997
41,71,0.5270462766947299
41,81,0.4216370213557839
41,101,0.5163977794943223
41,359,0.4472135954999579
41,361,0.38729833462074176
41,671,0.38348249442368526
41,726,0.565685424949238
41,754,0.5163977794943223
41,792,0.5163977794943223
41,840,0.5590169943749475
42,688,0.43519413988924466
43,29,0.4082482904638631
43,197,0.45226701686664544
43,839,0.5
45,46,0.4364357804719848
45,51,0.4780914437337574
46,20,0.6546536707079772
46,35,0.5604485383178051
46,36,0.48112522432468824
46,41,0.5477225575051662
46,45,0.4364357804719848
46,50,0.4082482904638631
46,51,0.7302967433402215
46,52,0.5773502691896258
46,54,0.5539117094069973
46,56,0.4629100498862758
46,60,0.48112522432468824
46,71,0.48112522432468824
46,81,0.3849001794597506
46,101,0.4714045207910318
46,359,0.408248290463863
46,726,0.5163977794943223
46,754,0.4714045207910318
46,781,0.4166666666666668
46,792,0.4714045207910318
46,801,0.40824829046386313
46,840,0.4082482904638631
46,930,0.38729833462074176
47,26,0.4082482904638631
47,87,1.0
47,353,0.7071067811865475
47,843,0.5773502691896258
48,198,0.45226701686664544
48,217,0.3779644730092272
48,242,0.4472135954999579
48,280,0.5
48,648,0.4082482904638631
50,20,0.5345224838248487
50,35,0.39223227027636803
50,36,0.5892556509887895
50,41,0.5590169943749475
50,46,0.4082482904638631
50,51,0.5590169943749475
50,52,0.7071067811865475
50,54,0.45226701686664533
50,56,0.4724555912615341
50,60,0.5892556509887895
50,64,0.4472135954999579
50,68,0.408248290463863
50,69,0.408248290463863
50,71,0.4714045207910316
50,73,0.41666666666666663
50,101,0.5773502691896258
50,248,0.4714045207910316
50,359,0.4999999999999999
50,361,0.43301270189221935
50,671,0.42874646285627205
50,688,0.533001790889026
50,689,0.4008918628686365
50,695,0.4008918628686365
50,726,0.6324555320336758
50,739,0.37499999999999994
50,754,0.5773502691896258
50,781,0.5103103630798288
50,792,0.5773502691896258
50,840,0.7499999999999999
50,912,0.4008918628686365
51,20,0.7171371656006361
51,35,0.6139406135149205
51,36,0.4216370213557839
51,41,0.7
51,45,0.4780914437337574
51,46,0.7302967433402215
51,50,0.5590169943749475
51,52,0.6324555320336759
51,54,0.6067798762169179
51,56,0.50709255283711
51,60,0.4216370213557839
51,64,0.39999999999999997
51,71,0.5270462766947299
51,73,0.372677996249965
51,76,0.4242640687119285
51,81,0.6324555320336759
51,101,0.5163977794943223
51,359,0.4472135954999579
51,361,0.38729833462074176
51,671,0.38348249442368526
51,726,0.565685424949238
51,754,0.5163977794943223
51,781,0.45643546458763845
51,792,0.5163977794943223
51,801,0.372677996249965
51,840,0.5590169943749475
52,9,0.4472135954999579
52,20,0.7559289460184544
52,23,0.4472135954999579
52,35,0.5547001962252291
52,36,0.6666666666666666
52,41,0.6324555320336759
52,46,0.5773502691896258
52,50,0.7071067811865475
52,51,0.6324555320336759
52,54,0.533001790889026
52,55,0.5
52,56,0.5345224838248488
52,60,0.6666666666666666
52,64,0.4743416490252569
52,68,0.5773502691896258
52,69,0.5773502691896258
52,71,0.6666666666666666
52,73,0.47140452079103173
52,76,0.4472135954999579
52,90,0.3779644730092272
52,92,0.4082482904638631
52,99,0.43301270189221935
52,101,0.8164965809277261
52,359,0.7071067811865475
52,360,0.5144957554275265
52,361,0.6123724356957946
52,412,0.41602514716892186
52,425,0.3779644730092272
52,436,0.4472135954999579
52,671,0.6063390625908325
52,689,0.3779644730092272
52,692,0.4082482904638631
52,695,0.3779644730092272
52,726,0.8944271909999159
52,739,0.5303300858899106
52,754,0.8164965809277261
52,781,0.5773502691896258
52,792,0.8164965809277261
52,840,0.7071067811865475
52,879,0.4008918628686366
52,912,0.5669467095138407
52,915,0.5
52,929,0.4472135954999579
52,931,0.5
53,179,0.7071067811865475
53,181,0.408248290463863
53,239,0.4999999999999999
53,421,0.4999999999999999
53,423,0.7071067811865475
53,554,0.408248290463863
53,691,0.7071067811865475
53,746,0.4999999999999999
54,20,0.5640760748177661
54,35,0.47304991679126607
54,36,0.4974683381630909
54,41,0.5393598899705936
54,46,0.5539117094069973
54,50,0.45226701686664533
54,51,0.6067798762169179
54,52,0.533001790889026
54,56,0.45584230583855173
54,60,0.4974683381630909
54,71,0.4264014327112208
54,73,0.40201512610368484
54,92,0.4351941398892446
54,99,0.43082021842766455
54,101,0.4351941398892446
54,359,0.45226701686664533
54,360,0.4387634544762783
54,726,0.4767312946227961
54,754,0.4351941398892446
54,781,0.4923659639173309
54,792,0.4351941398892446
54,840,0.37688918072220445
55,20,0.3779644730092272
55,52,0.5
55,68,0.5773502691896258
55,101,0.4082482904638631
55,359,0.7071067811865475
55,360,0.44589632137052293
55,361,0.6531972647421809
55,412,0.38829013735766044
55,726,0.4472135954999579
55,754,0.4082482904638631
55,792,0.4082482904638631
55,840,0.49497474683058323
55,929,0.4472135954999579
56,20,0.6060915267313264
56,35,0.44474958999666075
56,41,0.6761234037828132
56,46,0.4629100498862758
56,50,0.4724555912615341
56,51,0.50709255283711
56,52,0.5345224838248488
56,54,0.45584230583855173
56,68,0.4629100498862758
56,71,0.5345224838248488
56,97,0.37796447300922725
56,101,0.4364357804719849
56,359,0.3779644730092272
56,412,0.37062465833055064
56,726,0.4780914437337575
56,754,0.4364357804719849
56,792,0.4364357804719849
56,840,0.4724555912615341
57,23,0.4472135954999579
59,36,0.6024640760767093
59,60,0.6024640760767093
59,73,0.4260064336151292
59,331,0.38729833462074165
59,394,0.4303314829119351
59,402,0.4879500364742665
59,417,0.37267799624996495
59,418,0.3903600291794132
59,639,0.4303314829119351
59,688,0.5449492609130661
59,689,0.4879500364742665
59,690,0.3892494720807615
59,695,0.4879500364742665
59,703,0.3892494720807615
59,707,0.4303314829119351
59,708,0.48989794855663554
59,748,0.3892494720807615
59,781,0.521749194749951
60,20,0.5039526306789696
60,23,0.44721359549995787
60,35,0.5547001962252291
60,36,0.9999999999999997
60,41,0.4216370213557839
60,46,0.48112522432468824
60,50,0.5892556509887895
60,51,0.4216370213557839
60,52,0.6666666666666666
60,54,0.4974683381630909
60,59,0.6024640760767093
60,64,0.4216370213557839
60,68,0.3849001794597505
60,69,0.3849001794597505
60,71,0.4444444444444444
60,73,0.4714045207910317
60,101,0.5443310539518174
60,102,0.4303314829119351
60,167,0.408248290463863
60,359,0.4714045207910316
60,361,0.408248290463863
60,383,0.4714045207910316
60,398,0.3849001794597505
60,402,0.3779644730092272
60,585,0.3849001794597505
60,639,0.4444444444444444
60,671,0.48507125007266594
60,678,0.3849001794597505
60,688,0.502518907629606
60,689,0.5039526306789696
60,690,0.40201512610368484
60,695,0.5039526306789696
60,708,0.4216370213557839
60,726,0.5962847939999438
60,754,0.5443310539518174
60,781,0.5773502691896258
60,792,0.5443310539518174
60,840,0.4714045207910316
60,912,0.3779644730092272
60,931,0.4444444444444444
61,111,0.5962847939999438
61,115,0.47434164902525683
61,186,0.4472135954999579
61,535,0.39999999999999997
61,537,0.7302967433402215
61,546,0.39999999999999997
61,547,0.5163977794943223
61,554,0.5163977794943223
61,557,0.44721359549995787
61,559,0.4472135954999579
61,560,0.7302967433402215
61,610,0.4242640687119285
61,612,0.5163977794943223
61,619,0.4472135954999579
61,621,0.44721359549995787
61,625,0.47434164902525683
61,677,0.47434164902525683
61,703,0.40451991747794525
61,704,0.4242640687119285
61,706,0.3721042037676254
61,709,0.39999999999999997
61,745,0.5070925528371099
61,825,0.4472135954999579
61,879,0.4780914437337575
61,904,0.5477225575051662
61,910,0.4472135954999579
61,925,0.5163977794943223
62,29,0.38729833462074176
62,30,0.4242640687119285
62,749,0.5976143046671968
62,782,0.4242640687119285
62,783,0.4743416490252569
62,784,0.38729833462074176
62,786,0.38729833462074176
62,792,0.38729833462074176
62,915,0.4743416490252569
62,917,0.38138503569823695
62,929,0.4242640687119285
63,406,0.4216370213557839
64,20,0.4780914437337574
64,36,0.4216370213557839
64,41,0.39999999999999997
64,50,0.4472135954999579
64,51,0.39999999999999997
64,52,0.4743416490252569
64,60,0.4216370213557839
64,67,0.4767312946227962
64,101,0.38729833462074176
64,726,0.4242640687119285
64,754,0.38729833462074176
64,792,0.38729833462074176
64,840,0.4472135954999579
65,1,0.40824829046386296
65,2,0.37267799624996495
65,3,0.4879500364742666
65,14,0.48686449556014766
65,29,0.37267799624996495
65,68,0.42163702135578396
65,92,0.521749194749951
65,99,0.5270462766947299
65,141,0.3853373177942262
65,283,0.38729833462074165
65,326,0.37267799624996495
65,327,0.4472135954999579
65,329,0.4564354645876384
65,332,0.404145188432738
65,338,0.39036002917941326
65,339,0.4564354645876384
65,349,0.42163702135578396
65,359,0.38729833462074165
65,360,0.5009794328681195
65,364,0.38729833462074165
65,369,0.4564354645876384
65,386,0.4564354645876384
65,388,0.48989794855663554
65,398,0.42163702135578396
65,405,0.5163977794943222
65,442,0.4216370213557839
65,495,0.48304589153964794
65,503,0.5520524474738833
65,535,0.48989794855663554
65,536,0.47434164902525694
65,546,0.40824829046386296
65,572,0.48989794855663554
65,593,0.37267799624996495
65,602,0.4879500364742666
65,605,0.5270462766947299
65,606,0.4260064336151292
65,619,0.4564354645876384
65,745,0.4140393356054125
65,768,0.3903600291794133
65,772,0.42600643361512913
65,792,0.37267799624996495
65,836,0.42163702135578396
65,911,0.37267799624996495
65,912,0.41403933560541245
65,929,0.40824829046386296
65,930,0.48989794855663554
65,932,0.48304589153964794
66,91,0.4999999999999999
67,23,0.40451991747794525
67,64,0.4767312946227962
67,90,0.45584230583855173
68,3,0.4629100498862758
68,20,0.6546536707079772
68,36,0.3849001794597505
68,50,0.408248290463863
68,52,0.5773502691896258
68,55,0.5773502691896258
68,56,0.4629100498862758
68,60,0.3849001794597505
68,65,0.42163702135578396
68,71,0.3849001794597505
68,75,0.5773502691896258
68,92,0.4714045207910318
68,99,0.5000000000000001
68,101,0.4714045207910318
68,102,0.4472135954999579
68,208,0.3849001794597505
68,279,0.3973597071195132
68,283,0.408248290463863
68,349,0.6666666666666669
68,359,0.816496580927726
68,360,0.5940885257860046
68,361,0.7071067811865477
68,364,0.408248290463863
68,405,0.408248290463863
68,412,0.6405126152203486
68,503,0.4364357804719848
68,572,0.38729833462074176
68,671,0.420084025208403
68,710,0.408248290463863
68,726,0.5163977794943223
68,754,0.4714045207910318
68,772,0.3849001794597505
68,792,0.4714045207910318
68,840,0.408248290463863
68,929,0.5163977794943223
69,9,0.5163977794943223
69,20,0.4364357804719848
69,23,0.5163977794943223
69,36,0.3849001794597505
69,50,0.408248290463863
69,52,0.5773502691896258
69,60,0.3849001794597505
69,71,0.3849001794597505
69,76,0.5163977794943223
69,81,0.3849001794597505
69,90,0.4364357804719848
69,101,0.4714045207910318
69,248,0.3849001794597505
69,425,0.4364357804719848
69,639,0.3849001794597505
69,677,0.408248290463863
69,689,0.4364357804719848
69,692,0.4714045207910318
69,695,0.4364357804719848
69,712,0.3849001794597505
69,726,0.5163977794943223
69,739,0.408248290463863
69,754,0.4714045207910318
69,766,0.408248290463863
69,792,0.4714045207910318
69,840,0.408248290463863
69,912,0.4364357804719848
69,915,0.5773502691896258
69,931,0.3849001794597505
71,20,0.5039526306789696
71,35,0.647150228929434
71,36,0.4444444444444444
71,41,0.5270462766947299
71,46,0.48112522432468824
71,50,0.4714045207910316
71,51,0.5270462766947299
71,52,0.6666666666666666
71,54,0.4264014327112208
71,56,0.5345224838248488
71,60,0.4444444444444444
71,68,0.3849001794597505
71,69,0.3849001794597505
71,101,0.5443310539518174
71,127,0.3849001794597505
71,344,0.44721359549995787
71,359,0.4714045207910316
71,361,0.408248290463863
71,564,0.5
71,671,0.4042260417272216
71,726,0.5962847939999438
71,754,0.5443310539518174
71,781,0.3849001794597506
71,792,0.5443310539518174
71,840,0.4714045207910316
71,912,0.3779644730092272
72,547,0.408248290463863
72,554,0.408248290463863
72,612,0.408248290463863
72,618,0.37499999999999994
73,20,0.44543540318737396
73,36,0.4714045207910317
73,50,0.41666666666666663
73,51,0.372677996249965
73,52,0.47140452079103173
73,54,0.40201512610368484
73,59,0.4260064336151292
73,60,0.4714045207910317
73,101,0.3849001794597506
73,472,0.40824829046386313
73,726,0.4216370213557839
73,754,0.3849001794597506
73,781,0.6123724356957947
73,792,0.48112522432468824
74,314,0.3779644730092272
74,329,0.3779644730092272
74,369,0.3779644730092272
74,386,0.3779644730092272
74,559,0.3779644730092272
74,605,0.4364357804719848
74,619,0.3779644730092272
75,16,0.5773502691896258
75,20,0.3779644730092272
75,68,0.5773502691896258
75,349,0.5773502691896258
75,503,0.3779644730092272
75,634,0.5
75,705,0.3779644730092272
75,710,0.7071067811865475
75,715,0.4472135954999579
75,749,0.3779644730092272
75,825,0.5
76,9,0.39999999999999997
76,19,0.38729833462074176
76,23,0.39999999999999997
76,51,0.4242640687119285
76,52,0.4472135954999579
76,69,0.5163977794943223
76,81,0.44721359549995787
76,179,0.4472135954999579
76,423,0.4472135954999579
76,425,0.5070925528371099
76,661,0.40451991747794525
76,677,0.47434164902525683
76,688,0.40451991747794525
76,689,0.5070925528371099
76,691,0.4472135954999579
76,712,0.44721359549995787
76,726,0.39999999999999997
76,781,0.38729833462074176
76,792,0.5477225575051662
76,912,0.5070925528371099
76,915,0.6708203932499369
76,917,0.40451991747794525
77,79,0.5477225575051662
79,77,0.5477225575051662
80,773,0.4472135954999579
81,20,0.5039526306789696
81,41,0.4216370213557839
81,46,0.3849001794597506
81,51,0.6324555320336759
81,69,0.3849001794597505
81,76,0.44721359549995787
82,539,0.45291081365783836
82,558,0.4193139346887673
82,595,0.5547001962252291
82,637,0.4193139346887673
83,605,0.408248290463863
85,499,0.39223227027636803
86,736,0.4364357804719847
86,824,0.4008918628686365
87,26,0.4082482904638631
87,47,1.0
87,353,0.7071067811865475
87,843,0.5773502691896258
89,783,0.4082482904638631
89,785,0.46291004988627577
90,52,0.3779644730092272
90,67,0.45584230583855173
90,69,0.4364357804719848
90,915,0.3779644730092272
91,66,0.4999999999999999
92,1,0.5477225575051662
92,2,0.5000000000000001
92,3,0.545544725589981
92,14,0.408248290463863
92,17,0.4082482904638631
92,52,0.4082482904638631
92,54,0.4351941398892446
92,65,0.521749194749951
92,68,0.4714045207910318
92,93,0.7302967433402215
92,98,0.5000000000000001
92,99,0.9428090415820636
92,104,0.4082482904638631
92,106,0.4082482904638631
92,141,0.492365963917331
92,174,0.46291004988627577
92,208,0.5443310539518174
92,235,0.39605901719066977
92,279,0.3746343246326776
92,283,0.5773502691896258
92,314,0.4082482904638631
92,317,0.4216370213557839
92,320,0.43301270189221935
92,325,0.6123724356957946
92,326,0.5000000000000001
92,327,0.5000000000000001
92,328,0.408248290463863
92,329,0.6123724356957946
92,332,0.5163977794943223
92,338,0.545544725589981
92,339,0.6123724356957946
92,347,0.4082482904638631
92,349,0.4714045207910318
92,357,0.4082482904638631
92,359,0.5773502691896258
92,360,0.8401680504168059
92,364,0.5773502691896258
92,365,0.5477225575051662
92,366,0.4714045207910318
92,368,0.5477225575051662
92,369,0.6123724356957946
92,374,0.43301270189221935
92,384,0.46291004988627577
92,386,0.6123724356957946
92,387,0.39605901719066977
92,388,0.5477225575051662
92,396,0.5000000000000001
92,397,0.408248290463863
92,398,0.4714045207910318
92,405,0.8660254037844387
92,407,0.5477225575051662
92,408,0.6123724356957946
92,412,0.45291081365783836
92,449,0.4714045207910318
92,472,0.4714045207910318
92,495,0.46291004988627577
92,552,0.4082482904638631
92,564,0.4082482904638631
92,585,0.4714045207910318
92,593,0.5000000000000001
92,599,0.4082482904638631
92,602,0.545544725589981
92,603,0.46291004988627577
92,605,0.4714045207910318
92,616,0.4082482904638631
92,619,0.4082482904638631
92,633,0.4082482904638631
92,671,0.39605901719066977
92,678,0.4714045207910318
92,722,0.4082482904638631
92,723,0.4082482904638631
92,731,0.4082482904638631
92,758,0.408248290463863
92,761,0.4082482904638631
92,771,0.4082482904638631
92,772,0.5443310539518174
92,790,0.5477225575051662
92,794,0.5163977794943223
92,807,0.46291004988627577
92,831,0.6123724356957946
92,836,0.7071067811865477
92,863,0.4082482904638631
92,903,0.4714045207910318
92,911,0.5000000000000001
92,930,0.5477225575051662
92,931,0.5443310539518174
92,932,0.46291004988627577
92,933,0.6123724356957946
93,1,0.39999999999999997
93,10,0.40451991747794525
93,25,0.4472135954999579
93,34,0.4472135954999579
93,92,0.7302967433402215
93,99,0.6454972243679029
93,104,0.4472135954999579
93,320,0.47434164902525683
93,325,0.4472135954999579
93,329,0.4472135954999579
93,339,0.4472135954999579
93,360,0.5368754921931592
93,365,0.39999999999999997
93,368,0.39999999999999997
93,369,0.4472135954999579
93,386,0.4472135954999579
93,388,0.39999999999999997
93,405,0.6324555320336758
93,407,0.39999999999999997
93,408,0.4472135954999579
93,546,0.39999999999999997
93,790,0.39999999999999997
93,794,0.4242640687119285
93,831,0.4472135954999579
93,836,0.5163977794943223
93,930,0.6
93,931,0.44721359549995787
93,933,0.4472135954999579
96,25,0.4082482904638631
96,34,0.4082482904638631
97,56,0.37796447300922725
98,92,0.5000000000000001
98,99,0.4714045207910318
98,360,0.42008402520840293
98,397,0.408248290463863
98,408,0.4082482904638631
98,831,0.4082482904638631
99,1,0.5163977794943223
99,2,0.4714045207910318
99,3,0.5400617248673217
99,14,0.3849001794597505
99,17,0.43301270189221935
99,52,0.43301270189221935
99,54,0.43082021842766455
99,65,0.5270462766947299
99,68,0.5000000000000001
99,92,0.9428090415820636
99,93,0.6454972243679029
99,98,0.4714045207910318
99,104,0.43301270189221935
99,106,0.43301270189221935
99,141,0.5222329678670936
99,174,0.4364357804719848
99,183,0.3872983346207417
99,208,0.5773502691896257
99,235,0.420084025208403
99,279,0.39735970711951313
99,283,0.6123724356957945
99,314,0.43301270189221935
99,317,0.4472135954999579
99,320,0.408248290463863
99,325,0.5773502691896258
99,326,0.4714045207910318
99,327,0.4714045207910318
99,328,0.3849001794597505
99,329,0.5773502691896258
99,332,0.5477225575051662
99,338,0.5400617248673217
99,339,0.5773502691896258
99,344,0.3872983346207417
99,347,0.43301270189221935
99,349,0.5000000000000001
99,357,0.43301270189221935
99,359,0.6123724356957945
99,360,0.8416254115301731
99,362,0.3872983346207417
99,364,0.6123724356957945
99,365,0.5163977794943223
99,366,0.5000000000000001
99,368,0.5163977794943223
99,369,0.5773502691896258
99,374,0.408248290463863
99,384,0.4364357804719848
99,386,0.5773502691896258
99,388,0.5163977794943223
99,396,0.4714045207910318
99,397,0.3849001794597505
99,398,0.5000000000000001
99,405,0.816496580927726
99,407,0.5163977794943223
99,408,0.5773502691896258
99,412,0.4803844614152615
99,419,0.3872983346207417
99,436,0.3872983346207417
99,449,0.5000000000000001
99,472,0.5000000000000001
99,495,0.4364357804719848
99,506,0.3872983346207417
99,510,0.3872983346207417
99,535,0.3872983346207417
99,543,0.3872983346207417
99,544,0.3872983346207417
99,546,0.3872983346207417
99,552,0.43301270189221935
99,564,0.43301270189221935
99,572,0.3872983346207417
99,585,0.5000000000000001
99,593,0.4714045207910318
99,599,0.43301270189221935
99,602,0.5400617248673217
99,603,0.4364357804719848
99,605,0.5000000000000001
99,616,0.43301270189221935
99,619,0.43301270189221935
99,633,0.43301270189221935
99,659,0.3872983346207417
99,671,0.420084025208403
99,678,0.5000000000000001
99,722,0.43301270189221935
99,723,0.43301270189221935
99,726,0.3872983346207417
99,731,0.43301270189221935
99,757,0.3872983346207417
99,758,0.3849001794597505
99,761,0.43301270189221935
99,771,0.43301270189221935
99,772,0.5773502691896257
99,788,0.3872983346207417
99,790,0.5163977794943223
99,794,0.4564354645876385
99,807,0.4364357804719848
99,831,0.5773502691896258
99,836,0.6666666666666669
99,841,0.3872983346207417
99,863,0.43301270189221935
99,903,0.5000000000000001
99,911,0.4714045207910318
99,929,0.3872983346207417
99,930,0.5163977794943223
99,931,0.4811252243246881
99,932,0.4364357804719848
99,933,0.5773502691896258
100,17,0.5669467095138407
100,27,0.4285714285714285
100,343,0.46291004988627577
100,347,0.3779644730092272
100,398,0.4364357804719848
100,422,0.4008918628686365
100,427,0.3779644730092272
100,490,0.3779644730092272
100,510,0.5070925528371099
100,552,0.5669467095138407
100,585,0.4364357804719848
100,599,0.3779644730092272
100,600,0.4285714285714285
100,660,0.3779644730092272
100,678,0.6546536707079772
100,722,0.3779644730092272
101,20,0.6172133998483676
101,35,0.45291081365783836
101,36,0.5443310539518174
101,41,0.5163977794943223
101,46,0.4714045207910318
101,50,0.5773502691896258
101,51,0.5163977794943223
101,52,0.8164965809277261
101,54,0.4351941398892446
101,55,0.4082482904638631
101,56,0.4364357804719849
101,60,0.5443310539518174
101,64,0.38729833462074176
101,68,0.4714045207910318
101,69,0.4714045207910318
101,71,0.5443310539518174
101,73,0.3849001794597506
101,359,0.5773502691896258
101,360,0.42008402520840293
101,361,0.5000000000000001
101,671,0.4950737714883372
101,726,0.7302967433402215
101,739,0.5773502691896258
101,754,0.8333333333333336
101,771,0.4082482904638631
101,781,0.4714045207910318
101,792,0.6666666666666669
101,840,0.5773502691896258
101,912,0.46291004988627577
101,915,0.4082482904638631
101,931,0.408248290463863
102,36,0.4303314829119351
102,60,0.4303314829119351
102,68,0.4472135954999579
103,37,0.5070925528371099
103,38,0.5669467095138407
103,199,0.3779644730092272
103,409,0.5039526306789696
104,5,0.3779644730092272
104,25,0.5
104,34,0.5
104,92,0.4082482904638631
104,93,0.4472135954999579
104,99,0.43301270189221935
104,183,0.4472135954999579
104,317,0.38729833462074165
104,360,0.42874646285627205
104,546,0.4472135954999579
104,600,0.3779644730092272
104,826,0.4082482904638631
104,930,0.4472135954999579
105,881,0.4216370213557839
106,92,0.4082482904638631
106,99,0.43301270189221935
106,360,0.42874646285627205
106,362,0.4472135954999579
107,28,0.47140452079103173
107,502,0.5
108,927,0.4082482904638631
109,640,0.492365963917331
111,61,0.5962847939999438
111,207,0.5773502691896258
111,537,0.408248290463863
111,547,0.3849001794597505
111,557,0.5555555555555555
111,560,0.5443310539518174
111,610,0.6324555320336759
111,611,0.4714045207910316
111,620,0.3849001794597505
111,621,0.6666666666666665
111,696,0.44721359549995787
111,745,0.5039526306789696
111,782,0.44721359549995787
111,784,0.408248290463863
111,904,0.6804138174397717
111,925,0.3849001794597506
113,221,1.0
113,281,1.0
113,544,0.4472135954999579
113,587,1.0
113,852,0.4472135954999579
115,29,0.43301270189221935
115,30,0.47434164902525683
115,61,0.47434164902525683
115,537,0.43301270189221935
115,560,0.43301270189221935
115,625,0.6249999999999999
115,703,0.533001790889026
115,704,0.5590169943749475
115,707,0.4714045207910316
115,745,0.4008918628686365
115,749,0.4008918628686365
115,904,0.43301270189221935
117,230,0.4364357804719848
117,251,0.5345224838248487
117,918,0.3779644730092272
118,631,0.5070925528371099
118,866,0.40451991747794525
118,881,0.44721359549995787
118,887,0.4338609156373123
121,124,0.6030226891555273
121,264,0.6324555320336759
124,121,0.6030226891555273
124,264,0.6674238124719147
125,39,0.4387634544762784
126,147,0.6666666666666669
127,71,0.3849001794597505
127,142,0.8660254037844388
127,344,0.5163977794943223
127,422,0.408248290463863
127,564,0.5773502691896258
127,884,0.408248290463863
133,547,0.408248290463863
133,554,0.408248290463863
133,612,0.408248290463863
133,715,0.6324555320336758
141,65,0.3853373177942262
141,92,0.492365963917331
141,99,0.5222329678670936
141,145,0.42640143271122083
141,208,0.40201512610368484
141,234,0.38138503569823695
141,283,0.42640143271122083
141,332,0.38138503569823695
141,359,0.42640143271122083
141,360,0.5170876899950191
141,364,0.42640143271122083
141,405,0.42640143271122083
141,411,0.40201512610368484
141,419,0.40451991747794525
141,421,0.42640143271122083
141,535,0.40451991747794525
141,546,0.40451991747794525
141,602,0.40291148201269017
141,619,0.45226701686664544
141,659,0.5393598899705937
141,772,0.40201512610368484
142,127,0.8660254037844388
142,344,0.4472135954999579
142,564,0.5
144,149,0.40406101782088427
144,921,0.4834937784152282
145,141,0.42640143271122083
147,126,0.6666666666666669
149,144,0.40406101782088427
150,172,0.372677996249965
150,179,0.4082482904638631
150,423,0.4082482904638631
150,691,0.4082482904638631
150,842,0.408248290463863
151,230,0.5222329678670936
152,204,0.4714045207910318
154,179,0.4472135954999579
154,181,0.5163977794943223
154,196,0.3721042037676254
154,226,0.38729833462074176
154,421,0.6324555320336758
154,423,0.4472135954999579
154,691,0.4472135954999579
154,839,0.44721359549995787
154,908,0.44721359549995787
156,901,0.39283710065919314
160,815,0.7071067811865475
161,40,0.5477225575051662
161,186,0.6123724356957946
161,214,0.3849001794597506
161,224,0.408248290463863
161,537,0.5000000000000001
161,547,0.4714045207910318
161,554,0.4714045207910318
161,557,0.408248290463863
161,559,0.4082482904638631
161,569,0.4082482904638631
161,612,0.4714045207910318
161,619,0.4082482904638631
161,624,0.43301270189221935
161,677,0.43301270189221935
161,709,0.5477225575051662
161,825,0.4082482904638631
161,910,0.4082482904638631
162,217,0.3903600291794132
166,179,0.3779644730092272
166,181,0.4364357804719848
166,421,0.5345224838248487
166,423,0.3779644730092272
166,513,0.4285714285714285
166,691,0.3779644730092272
166,839,0.3779644730092272
166,858,0.5669467095138407
167,36,0.408248290463863
167,60,0.408248290463863
167,331,0.4082482904638631
167,671,0.39605901719066977
172,29,0.447213595499958
172,150,0.372677996249965
172,181,0.42163702135578396
172,421,0.5163977794943222
172,830,0.372677996249965
172,839,0.4868644955601476
172,842,0.4868644955601476
172,893,0.38729833462074165
172,894,0.38729833462074165
173,323,0.408248290463863
173,520,0.4472135954999579
173,579,0.408248290463863
173,620,0.408248290463863
173,926,0.4999999999999999
174,92,0.46291004988627577
174,99,0.4364357804719848
174,325,0.5669467095138407
174,326,0.46291004988627577
174,327,0.46291004988627577
174,328,0.5039526306789696
174,329,0.5669467095138407
174,339,0.3779644730092272
174,360,0.38892223413129856
174,368,0.5070925528371099
174,369,0.5669467095138407
174,374,0.4008918628686365
174,384,0.5714285714285713
174,386,0.3779644730092272
174,405,0.5345224838248487
174,407,0.5070925528371099
174,556,0.5070925528371099
174,593,0.46291004988627577
174,603,0.4285714285714285
174,758,0.3779644730092272
174,790,0.5070925528371099
174,794,0.5976143046671968
174,807,0.4285714285714285
174,836,0.4364357804719848
174,911,0.6172133998483676
174,931,0.5039526306789696
174,932,0.4285714285714285
174,933,0.5669467095138407
176,204,0.3849001794597505
176,230,0.3849001794597505
179,29,0.4082482904638631
179,53,0.7071067811865475
179,76,0.4472135954999579
179,150,0.4082482904638631
179,154,0.4472135954999579
179,166,0.3779644730092272
179,181,0.5773502691896258
179,239,0.7071067811865475
179,352,0.3779644730092272
179,420,0.3779644730092272
179,421,0.7071067811865475
179,423,1.0
179,425,0.3779644730092272
179,495,0.3779644730092272
179,554,0.5773502691896258
179,689,0.3779644730092272
179,691,1.0
179,746,0.7071067811865475
179,800,0.4082482904638631
179,829,0.3779644730092272
179,830,0.4082482904638631
179,846,0.4082482904638631
179,858,0.5
179,905,0.4472135954999579
179,910,0.5
181,29,0.4714045207910318
181,53,0.408248290463863
181,154,0.5163977794943223
181,166,0.4364357804719848
181,172,0.42163702135578396
181,179,0.5773502691896258
181,226,0.5000000000000001
181,239,0.408248290463863
181,411,0.3849001794597505
181,420,0.4364357804719848
181,421,0.816496580927726
181,423,0.5773502691896258
181,425,0.4364357804719848
181,649,0.3849001794597505
181,691,0.5773502691896258
181,746,0.408248290463863
181,829,0.4364357804719848
181,830,0.4714045207910318
181,839,0.5773502691896258
181,846,0.4714045207910318
182,736,0.408248290463863
183,99,0.3872983346207417
183,104,0.4472135954999579
183,360,0.38348249442368515
185,541,0.43519413988924466
186,61,0.4472135954999579
186,161,0.6123724356957946
186,535,0.4472135954999579
186,537,0.4082482904638631
186,546,0.4472135954999579
186,547,0.5773502691896258
186,554,0.5773502691896258
186,557,0.5
186,559,0.5
186,612,0.5773502691896258
186,619,0.5
186,709,0.4472135954999579
186,825,0.5
186,910,0.5
186,912,0.3779644730092272
188,886,0.4714045207910318
189,828,0.4082482904638631
189,863,0.4082482904638631
189,885,0.4082482904638631
196,154,0.3721042037676254
196,875,0.3721042037676254
196,908,0.46225016352102427
197,43,0.45226701686664544
198,48,0.45226701686664544
198,242,0.40451991747794525
198,251,0.42640143271122083
198,483,0.40451991747794525
198,842,0.502518907629606
198,873,0.5222329678670936
198,893,0.6396021490668312
198,894,0.6396021490668312
198,918,0.502518907629606
199,37,0.44721359549995787
199,38,0.5
199,103,0.3779644730092272
199,558,0.3779644730092272
199,811,0.4216370213557839
199,919,0.3849001794597506
203,920,0.4714045207910318
204,152,0.4714045207910318
204,176,0.3849001794597505
204,251,0.408248290463863
204,842,0.3849001794597505
204,893,0.408248290463863
204,894,0.408248290463863
204,918,0.3849001794597505
206,244,0.5773502691896258
206,920,0.4082482904638631
207,111,0.5773502691896258
207,382,0.5773502691896258
207,557,0.5773502691896258
207,559,0.5773502691896258
207,578,0.408248290463863
207,610,0.5477225575051662
207,611,0.6123724356957946
207,621,0.5773502691896258
207,696,0.7745966692414835
207,776,0.420084025208403
207,782,0.7745966692414835
207,784,0.7071067811865477
207,789,0.5477225575051662
207,904,0.7071067811865477
208,68,0.3849001794597505
208,92,0.5443310539518174
208,99,0.5773502691896257
208,141,0.40201512610368484
208,235,0.4042260417272216
208,283,0.4714045207910316
208,317,0.4303314829119351
208,332,0.4216370213557839
208,338,0.44543540318737396
208,349,0.3849001794597505
208,359,0.4714045207910316
208,360,0.5716619504750293
208,364,0.4714045207910316
208,366,0.3849001794597505
208,398,0.3849001794597505
208,405,0.4714045207910316
208,449,0.3849001794597505
208,472,0.3849001794597505
208,585,0.3849001794597505
208,605,0.3849001794597505
208,616,0.5
208,633,0.5
208,678,0.3849001794597505
208,772,0.4444444444444444
208,836,0.3849001794597505
208,903,0.3849001794597505
213,881,0.408248290463863
214,161,0.3849001794597506
217,48,0.3779644730092272
217,162,0.3903600291794132
217,394,0.3779644730092272
217,756,0.3779644730092272
217,801,0.44543540318737396
219,736,0.4364357804719847
219,873,0.4364357804719848
221,113,1.0
221,281,1.0
221,544,0.4472135954999579
221,587,1.0
221,852,0.4472135954999579
222,865,0.4008918628686365
224,161,0.408248290463863
224,244,0.3849001794597505
224,547,0.3849001794597505
224,554,0.3849001794597505
224,605,0.3849001794597505
224,612,0.3849001794597505
226,154,0.38729833462074176
226,181,0.5000000000000001
226,239,0.408248290463863
226,421,0.6123724356957946
226,839,0.4811252243246882
227,811,0.38729833462074176
230,4,0.4803844614152615
230,117,0.4364357804719848
230,151,0.5222329678670936
230,176,0.3849001794597505
230,655,0.5000000000000001
230,671,0.420084025208403
230,760,0.5000000000000001
232,344,0.4242640687119285
233,535,0.4242640687119285
233,546,0.4242640687119285
233,619,0.4743416490252569
234,29,0.38729833462074176
234,141,0.38138503569823695
234,421,0.4472135954999579
234,839,0.4216370213557839
235,92,0.39605901719066977
235,99,0.420084025208403
235,208,0.4042260417272216
235,360,0.41594516540385146
235,366,0.420084025208403
239,53,0.4999999999999999
239,179,0.7071067811865475
239,181,0.408248290463863
239,226,0.408248290463863
239,421,0.4999999999999999
239,423,0.7071067811865475
239,554,0.408248290463863
239,691,0.7071067811865475
239,746,0.4999999999999999
241,251,0.408248290463863
241,842,0.3849001794597505
241,893,0.408248290463863
241,894,0.408248290463863
241,918,0.3849001794597505
242,48,0.4472135954999579
242,198,0.40451991747794525
243,331,0.4082482904638631
244,206,0.5773502691896258
244,224,0.3849001794597505
245,499,0.39223227027636803
245,857,0.3721042037676254
248,50,0.4714045207910316
248,69,0.3849001794597505
248,840,0.4714045207910316
249,306,0.4472135954999579
251,117,0.5345224838248487
251,198,0.42640143271122083
251,204,0.408248290463863
251,241,0.408248290463863
251,842,0.4714045207910316
251,873,0.408248290463863
251,893,0.4999999999999999
251,894,0.4999999999999999
251,918,0.7071067811865475
253,254,0.8885233166386384
254,253,0.8885233166386384
254,259,0.3999999999999999
256,269,0.4364357804719848
256,297,0.4364357804719848
256,298,0.3849001794597505
257,259,0.501280411827603
259,254,0.3999999999999999
259,257,0.501280411827603
264,121,0.6324555320336759
264,124,0.6674238124719147
269,256,0.4364357804719848
279,68,0.3973597071195132
279,92,0.3746343246326776
279,99,0.39735970711951313
279,283,0.4866642633922875
279,349,0.3973597071195132
279,358,0.3746343246326776
279,360,0.3934447376823168
279,668,0.3721614637823934
280,48,0.5
281,113,1.0
281,221,1.0
281,544,0.4472135954999579
281,587,1.0
281,852,0.4472135954999579
283,3,0.3779644730092272
283,65,0.38729833462074165
283,68,0.408248290463863
283,92,0.5773502691896258
283,99,0.6123724356957945
283,141,0.42640143271122083
283,208,0.4714045207910316
283,279,0.4866642633922875
283,311,0.42640143271122083
283,324,0.42640143271122083
283,332,0.4472135954999579
283,338,0.5669467095138409
283,349,0.408248290463863
283,359,0.4999999999999999
283,360,0.6063390625908324
283,364,0.4999999999999999
283,366,0.408248290463863
283,398,0.408248290463863
283,405,0.4999999999999999
283,412,0.39223227027636803
283,449,0.408248290463863
283,472,0.408248290463863
283,566,0.408248290463863
283,585,0.408248290463863
283,602,0.3779644730092272
283,605,0.408248290463863
283,678,0.408248290463863
283,772,0.4714045207910316
283,836,0.408248290463863
283,903,0.408248290463863
285,286,0.41247895569215276
285,374,0.41666666666666663
286,285,0.41247895569215276
286,370,0.4082482904638631
294,736,0.4714045207910318
297,256,0.4364357804719848
297,298,0.8819171036881966
298,256,0.3849001794597505
298,297,0.8819171036881966
306,249,0.4472135954999579
311,283,0.42640143271122083
314,74,0.3779644730092272
314,92,0.4082482904638631
314,99,0.43301270189221935
314,326,0.4082482904638631
314,329,0.5
314,338,0.4008918628686366
314,352,0.3779644730092272
314,360,0.42874646285627205
314,369,0.5
314,382,0.5
314,386,0.5
314,436,0.4472135954999579
314,503,0.3779644730092272
314,535,0.4472135954999579
314,543,0.4472135954999579
314,546,0.4472135954999579
314,559,0.5
314,602,0.4008918628686366
314,605,0.5773502691896258
314,619,0.5
314,745,0.3779644730092272
314,792,0.4082482904638631
314,911,0.4082482904638631
314,912,0.3779644730092272
314,929,0.4472135954999579
315,316,0.5773502691896258
315,317,0.6708203932499369
315,338,0.38575837490522985
315,565,0.38729833462074176
315,566,0.4166666666666668
315,772,0.3849001794597506
316,315,0.5773502691896258
316,317,0.6885303726590963
316,324,0.40201512610368484
316,338,0.44543540318737396
316,565,0.44721359549995787
316,566,0.48112522432468824
317,92,0.4216370213557839
317,99,0.4472135954999579
317,104,0.38729833462074165
317,208,0.4303314829119351
317,315,0.6708203932499369
317,316,0.6885303726590963
317,324,0.46709936649691375
317,332,0.40824829046386296
317,338,0.6210590034081188
317,339,0.38729833462074165
317,360,0.4428074427700476
317,566,0.521749194749951
317,616,0.38729833462074165
317,633,0.38729833462074165
317,731,0.38729833462074165
317,771,0.38729833462074165
317,772,0.5163977794943222
318,540,0.4183300132670377
319,25,0.7071067811865475
319,34,0.7071067811865475
319,321,0.4999999999999999
319,584,0.408248290463863
320,1,0.47434164902525683
320,2,0.5773502691896258
320,5,0.4008918628686365
320,14,0.4714045207910316
320,92,0.43301270189221935
320,93,0.47434164902525683
320,99,0.408248290463863
320,328,0.4714045207910316
320,405,0.4999999999999999
320,484,0.42640143271122083
320,495,0.4008918628686365
320,603,0.4008918628686365
320,686,0.533001790889026
320,692,0.5773502691896258
320,836,0.408248290463863
320,930,0.47434164902525683
320,933,0.5303300858899106
321,25,0.7071067811865475
321,34,0.7071067811865475
321,319,0.4999999999999999
321,584,0.408248290463863
321,753,0.4714045207910316
321,796,0.4999999999999999
323,173,0.408248290463863
323,506,0.5163977794943223
323,593,0.4714045207910318
323,860,0.5773502691896258
323,926,0.408248290463863
324,283,0.42640143271122083
324,316,0.40201512610368484
324,317,0.46709936649691375
324,338,0.4834937784152282
324,566,0.5222329678670936
325,1,0.4472135954999579
325,2,0.4082482904638631
325,3,0.4008918628686366
325,92,0.6123724356957946
325,93,0.4472135954999579
325,99,0.5773502691896258
325,174,0.5669467095138407
325,326,0.6123724356957946
325,327,0.6123724356957946
325,328,0.5
325,329,0.75
325,338,0.4008918628686366
325,339,0.5
325,360,0.5144957554275265
325,368,0.4472135954999579
325,369,0.75
325,384,0.5669467095138407
325,385,0.4082482904638631
325,386,0.5
325,388,0.4472135954999579
325,405,0.7071067811865475
325,407,0.4472135954999579
325,442,0.4330127018922194
325,495,0.3779644730092272
325,556,0.4472135954999579
325,593,0.6123724356957946
325,602,0.4008918628686366
325,603,0.7559289460184544
325,743,0.38729833462074165
325,790,0.6708203932499369
325,794,0.6324555320336759
325,807,0.3779644730092272
325,836,0.5773502691896258
325,911,0.8164965809277261
325,930,0.4472135954999579
325,931,0.6666666666666666
325,932,0.5669467095138407
325,933,0.75
326,1,0.5477225575051662
326,3,0.43643578047198484
326,14,0.408248290463863
326,65,0.37267799624996495
326,92,0.5000000000000001
326,99,0.4714045207910318
326,174,0.46291004988627577
326,314,0.4082482904638631
326,325,0.6123724356957946
326,327,0.6666666666666669
326,328,0.6804138174397717
326,329,0.8164965809277261
326,338,0.43643578047198484
326,339,0.4082482904638631
326,360,0.42008402520840293
326,369,0.8164965809277261
326,374,0.43301270189221935
326,384,0.6172133998483676
326,386,0.6123724356957946
326,387,0.39605901719066977
326,405,0.5773502691896258
326,407,0.5477225575051662
326,540,0.41403933560541256
326,547,0.4714045207910318
326,556,0.5477225575051662
326,559,0.4082482904638631
326,593,0.5000000000000001
326,602,0.43643578047198484
326,603,0.46291004988627577
326,605,0.4714045207910318
326,619,0.4082482904638631
326,741,0.39605901719066977
326,742,0.39605901719066977
326,768,0.4364357804719849
326,794,0.38729833462074176
326,807,0.46291004988627577
326,828,0.4082482904638631
326,836,0.4714045207910318
326,911,0.6666666666666669
326,931,0.5443310539518174
326,932,0.46291004988627577
326,933,0.6123724356957946
327,1,0.5477225575051662
327,3,0.43643578047198484
327,14,0.5443310539518174
327,65,0.4472135954999579
327,92,0.5000000000000001
327,99,0.4714045207910318
327,174,0.46291004988627577
327,325,0.6123724356957946
327,326,0.6666666666666669
327,328,0.5443310539518174
327,329,0.6123724356957946
327,339,0.4082482904638631
327,360,0.42008402520840293
327,369,0.6123724356957946
327,374,0.43301270189221935
327,384,0.6172133998483676
327,386,0.4082482904638631
327,387,0.39605901719066977
327,388,0.7302967433402215
327,405,0.5773502691896258
327,407,0.5477225575051662
327,442,0.4714045207910318
327,495,0.6172133998483676
327,593,0.5000000000000001
327,603,0.46291004988627577
327,737,0.43301270189221935
327,741,0.39605901719066977
327,742,0.39605901719066977
327,758,0.408248290463863
327,768,0.5455447255899811
327,794,0.38729833462074176
327,801,0.48112522432468824
327,807,0.46291004988627577
327,808,0.38729833462074176
327,828,0.4082482904638631
327,836,0.4714045207910318
327,911,0.5000000000000001
327,913,0.5604485383178051
327,930,0.7302967433402215
327,931,0.5443310539518174
327,932,0.7715167498104596
327,933,0.6123724356957946
328,1,0.44721359549995787
328,3,0.44543540318737396
328,92,0.408248290463863
328,99,0.3849001794597505
328,174,0.5039526306789696
328,320,0.4714045207910316
328,325,0.5
328,326,0.6804138174397717
328,327,0.5443310539518174
328,329,0.6666666666666666
328,330,0.4714045207910316
328,368,0.44721359549995787
328,369,0.6666666666666666
328,374,0.4714045207910316
328,384,0.6299407883487119
328,386,0.5
328,387,0.4042260417272216
328,397,0.4444444444444444
328,405,0.4714045207910316
328,407,0.5962847939999438
328,540,0.3944053188733077
328,547,0.3849001794597505
328,556,0.5962847939999438
328,593,0.408248290463863
328,603,0.5039526306789696
328,605,0.3849001794597505
328,741,0.4042260417272216
328,742,0.4042260417272216
328,790,0.44721359549995787
328,794,0.4216370213557839
328,807,0.5039526306789696
328,836,0.3849001794597505
328,911,0.6804138174397717
328,931,0.4444444444444444
328,932,0.3779644730092272
328,933,0.5
329,1,0.4472135954999579
329,2,0.4082482904638631
329,3,0.4008918628686366
329,14,0.5
329,65,0.4564354645876384
329,74,0.3779644730092272
329,92,0.6123724356957946
329,93,0.4472135954999579
329,99,0.5773502691896258
329,174,0.5669467095138407
329,314,0.5
329,325,0.75
329,326,0.8164965809277261
329,327,0.6123724356957946
329,328,0.6666666666666666
329,338,0.5345224838248488
329,339,0.5
329,352,0.3779644730092272
329,360,0.5144957554275265
329,368,0.4472135954999579
329,369,1.0
329,384,0.5669467095138407
329,385,0.4082482904638631
329,386,0.75
329,388,0.4472135954999579
329,405,0.7071067811865475
329,407,0.4472135954999579
329,436,0.4472135954999579
329,442,0.4330127018922194
329,495,0.3779644730092272
329,503,0.3779644730092272
329,535,0.4472135954999579
329,540,0.42257712736425823
329,543,0.4472135954999579
329,546,0.4472135954999579
329,547,0.5773502691896258
329,556,0.6708203932499369
329,559,0.5
329,593,0.6123724356957946
329,602,0.5345224838248488
329,603,0.5669467095138407
329,605,0.5773502691896258
329,619,0.5
329,743,0.38729833462074165
329,745,0.3779644730092272
329,768,0.4008918628686366
329,790,0.4472135954999579
329,792,0.4082482904638631
329,794,0.4743416490252569
329,807,0.3779644730092272
329,836,0.5773502691896258
329,879,0.4008918628686366
329,911,0.8164965809277261
329,912,0.3779644730092272
329,929,0.4472135954999579
329,930,0.4472135954999579
329,931,0.6666666666666666
329,932,0.5669467095138407
329,933,0.75
330,3,0.3779644730092272
330,328,0.4714045207910316
330,710,0.4999999999999999
330,828,0.7071067811865475
330,843,0.408248290463863
330,855,0.7071067811865475
331,10,0.45226701686664544
331,59,0.38729833462074165
331,167,0.4082482904638631
331,243,0.4082482904638631
331,373,0.4472135954999579
331,374,0.5303300858899106
331,384,0.3779644730092272
331,394,0.5
331,402,0.3779644730092272
331,407,0.4472135954999579
331,418,0.3779644730092272
331,688,0.45226701686664544
331,689,0.3779644730092272
331,695,0.3779644730092272
331,807,0.3779644730092272
331,828,0.5
332,65,0.404145188432738
332,92,0.5163977794943223
332,99,0.5477225575051662
332,141,0.38138503569823695
332,208,0.4216370213557839
332,283,0.4472135954999579
332,317,0.40824829046386296
332,339,0.4743416490252569
332,359,0.4472135954999579
332,360,0.5423261445466404
332,364,0.4472135954999579
332,385,0.38729833462074176
332,405,0.4472135954999579
332,599,0.4743416490252569
332,671,0.3834824944236852
332,758,0.4216370213557839
332,772,0.7378647873726218
333,334,0.4714045207910318
333,701,0.408248290463863
333,717,0.408248290463863
333,727,0.5773502691896258
334,11,0.4082482904638631
334,333,0.4714045207910318
334,727,0.4082482904638631
334,733,0.38729833462074176
334,860,0.4082482904638631
334,878,0.4714045207910318
335,443,0.4330127018922194
338,65,0.39036002917941326
338,92,0.545544725589981
338,99,0.5400617248673217
338,208,0.44543540318737396
338,283,0.5669467095138409
338,314,0.4008918628686366
338,315,0.38575837490522985
338,316,0.44543540318737396
338,317,0.6210590034081188
338,324,0.4834937784152282
338,325,0.4008918628686366
338,326,0.43643578047198484
338,329,0.5345224838248488
338,339,0.5345224838248488
338,359,0.3779644730092272
338,360,0.5041841733655161
338,364,0.3779644730092272
338,369,0.5345224838248488
338,386,0.5345224838248488
338,405,0.5669467095138409
338,566,0.5400617248673217
338,602,0.4285714285714286
338,605,0.4629100498862758
338,616,0.4008918628686366
338,619,0.4008918628686366
338,633,0.4008918628686366
338,731,0.4008918628686366
338,771,0.4008918628686366
338,772,0.44543540318737396
338,836,0.4629100498862758
338,911,0.43643578047198484
338,933,0.4008918628686366
339,1,0.4472135954999579
339,2,0.4082482904638631
339,3,0.4008918628686366
339,65,0.4564354645876384
339,92,0.6123724356957946
339,93,0.4472135954999579
339,99,0.5773502691896258
339,174,0.3779644730092272
339,317,0.38729833462074165
339,325,0.5
339,326,0.4082482904638631
339,327,0.4082482904638631
339,329,0.5
339,332,0.4743416490252569
339,338,0.5345224838248488
339,360,0.5144957554275265
339,368,0.4472135954999579
339,369,0.5
339,384,0.3779644730092272
339,386,0.5
339,388,0.4472135954999579
339,405,0.7071067811865475
339,407,0.4472135954999579
339,495,0.3779644730092272
339,593,0.4082482904638631
339,599,0.5
339,602,0.4008918628686366
339,603,0.3779644730092272
339,727,0.5
339,731,0.5
339,772,0.6666666666666666
339,790,0.4472135954999579
339,794,0.4743416490252569
339,807,0.3779644730092272
339,836,0.5773502691896258
339,911,0.4082482904638631
339,930,0.4472135954999579
339,931,0.5
339,932,0.3779644730092272
339,933,0.5
341,502,0.4216370213557839
341,535,0.565685424949238
341,546,0.565685424949238
341,602,0.42257712736425834
341,605,0.5477225575051662
341,606,0.5270462766947299
341,615,0.4780914437337574
341,619,0.4743416490252569
341,624,0.4472135954999579
341,720,0.38729833462074176
341,745,0.4780914437337574
341,866,0.38138503569823695
341,887,0.38348249442368526
341,910,0.4743416490252569
343,17,0.6123724356957946
343,27,0.46291004988627577
343,100,0.46291004988627577
343,347,0.4082482904638631
343,398,0.4714045207910318
343,427,0.4082482904638631
343,490,0.4082482904638631
343,510,0.5477225575051662
343,552,0.6123724356957946
343,585,0.4714045207910318
343,599,0.4082482904638631
343,600,0.6172133998483676
343,660,0.4082482904638631
343,678,0.7071067811865477
343,722,0.4082482904638631
344,35,0.3721042037676254
344,71,0.44721359549995787
344,99,0.3872983346207417
344,127,0.5163977794943223
344,142,0.4472135954999579
344,232,0.4242640687119285
344,347,0.4472135954999579
344,360,0.38348249442368515
344,398,0.5163977794943223
344,422,0.6324555320336758
344,564,0.6708203932499369
344,605,0.5163977794943223
344,722,0.4472135954999579
344,831,0.4472135954999579
345,542,0.408248290463863
346,349,0.6123724356957946
346,350,0.7071067811865475
346,352,0.4008918628686365
346,398,0.408248290463863
346,472,0.6123724356957946
346,561,0.5345224838248487
346,585,0.408248290463863
346,678,0.408248290463863
347,3,0.4008918628686366
347,17,0.5
347,27,0.5669467095138407
347,92,0.4082482904638631
347,99,0.43301270189221935
347,100,0.3779644730092272
347,343,0.4082482904638631
347,344,0.4472135954999579
347,358,0.4082482904638631
347,360,0.42874646285627205
347,398,0.8660254037844388
347,471,0.4082482904638631
347,510,0.4472135954999579
347,552,0.5
347,561,0.5669467095138407
347,585,0.5773502691896258
347,599,0.5
347,600,0.3779644730092272
347,605,0.5773502691896258
347,615,0.3779644730092272
347,660,0.5
347,678,0.5773502691896258
347,722,1.0
347,745,0.3779644730092272
347,757,0.4472135954999579
347,826,0.4082482904638631
347,831,0.5
349,3,0.4629100498862758
349,20,0.4364357804719848
349,65,0.42163702135578396
349,68,0.6666666666666669
349,75,0.5773502691896258
349,92,0.4714045207910318
349,99,0.5000000000000001
349,208,0.3849001794597505
349,279,0.3973597071195132
349,283,0.408248290463863
349,346,0.6123724356957946
349,350,0.5773502691896258
349,352,0.4364357804719848
349,359,0.408248290463863
349,360,0.49507377148833714
349,364,0.408248290463863
349,405,0.408248290463863
349,412,0.4803844614152615
349,472,0.6666666666666669
349,503,0.4364357804719848
349,561,0.4364357804719848
349,710,0.408248290463863
349,772,0.3849001794597505
350,346,0.7071067811865475
350,349,0.5773502691896258
350,352,0.3779644730092272
350,472,0.5773502691896258
350,561,0.3779644730092272
351,499,0.408248290463863
352,17,0.3779644730092272
352,179,0.3779644730092272
352,314,0.3779644730092272
352,329,0.3779644730092272
352,346,0.4008918628686365
352,349,0.4364357804719848
352,350,0.3779644730092272
352,369,0.3779644730092272
352,386,0.3779644730092272
352,423,0.3779644730092272
352,472,0.4364357804719848
352,552,0.3779644730092272
352,554,0.4364357804719848
352,559,0.3779644730092272
352,605,0.4364357804719848
352,619,0.3779644730092272
352,678,0.4364357804719848
352,691,0.3779644730092272
352,910,0.3779644730092272
353,47,0.7071067811865475
353,87,0.7071067811865475
353,843,0.408248290463863
354,705,0.3779644730092272
355,365,0.5163977794943223
356,427,0.3779644730092272
356,598,0.5345224838248487
356,660,0.3779644730092272
357,92,0.4082482904638631
357,99,0.43301270189221935
357,360,0.42874646285627205
357,480,0.4472135954999579
357,602,0.4008918628686366
357,659,0.4472135954999579
358,17,0.4082482904638631
358,279,0.3746343246326776
358,347,0.4082482904638631
358,398,0.4714045207910318
358,552,0.4082482904638631
358,585,0.4714045207910318
358,599,0.4082482904638631
358,660,0.4082482904638631
358,678,0.4714045207910318
358,722,0.4082482904638631
359,3,0.3779644730092272
359,20,0.5345224838248487
359,35,0.39223227027636803
359,36,0.4714045207910316
359,41,0.4472135954999579
359,46,0.408248290463863
359,50,0.4999999999999999
359,51,0.4472135954999579
359,52,0.7071067811865475
359,54,0.45226701686664533
359,55,0.7071067811865475
359,56,0.3779644730092272
359,60,0.4714045207910316
359,65,0.38729833462074165
359,68,0.816496580927726
359,71,0.4714045207910316
359,92,0.5773502691896258
359,99,0.6123724356957945
359,101,0.5773502691896258
359,141,0.42640143271122083
359,208,0.4714045207910316
359,283,0.4999999999999999
359,332,0.4472135954999579
359,338,0.3779644730092272
359,349,0.408248290463863
359,360,0.7276068751089988
359,361,0.8660254037844387
359,364,0.4999999999999999
359,366,0.408248290463863
359,398,0.408248290463863
359,405,0.4999999999999999
359,412,0.588348405414552
359,449,0.408248290463863
359,472,0.408248290463863
359,572,0.47434164902525683
359,585,0.408248290463863
359,602,0.3779644730092272
359,605,0.408248290463863
359,671,0.5144957554275265
359,678,0.408248290463863
359,721,0.408248290463863
359,726,0.6324555320336758
359,754,0.5773502691896258
359,772,0.4714045207910316
359,781,0.408248290463863
359,792,0.5773502691896258
359,836,0.408248290463863
359,840,0.4999999999999999
359,903,0.408248290463863
359,929,0.6324555320336758
360,1,0.4601789933084222
360,2,0.42008402520840293
360,3,0.5041841733655161
360,17,0.42874646285627205
360,20,0.38892223413129856
360,52,0.5144957554275265
360,54,0.4387634544762783
360,55,0.44589632137052293
360,65,0.5009794328681195
360,68,0.5940885257860046
360,92,0.8401680504168059
360,93,0.5368754921931592
360,98,0.42008402520840293
360,99,0.8416254115301731
360,101,0.42008402520840293
360,104,0.42874646285627205
360,106,0.42874646285627205
360,141,0.5170876899950191
360,174,0.38892223413129856
360,183,0.38348249442368515
360,208,0.5716619504750293
360,235,0.41594516540385146
360,279,0.3934447376823168
360,283,0.6063390625908324
360,314,0.42874646285627205
360,317,0.4428074427700476
360,325,0.5144957554275265
360,326,0.42008402520840293
360,327,0.42008402520840293
360,329,0.5144957554275265
360,332,0.5423261445466404
360,338,0.5041841733655161
360,339,0.5144957554275265
360,344,0.38348249442368515
360,347,0.42874646285627205
360,349,0.49507377148833714
360,357,0.42874646285627205
360,359,0.7276068751089988
360,361,0.49009802940980346
360,362,0.38348249442368515
360,364,0.6063390625908324
360,365,0.4601789933084222
360,366,0.49507377148833714
360,368,0.4601789933084222
360,369,0.5144957554275265
360,384,0.38892223413129856
360,386,0.5144957554275265
360,388,0.4601789933084222
360,396,0.42008402520840293
360,398,0.49507377148833714
360,405,0.7276068751089988
360,407,0.4601789933084222
360,408,0.5144957554275265
360,412,0.5232166435699435
360,419,0.38348249442368515
360,436,0.38348249442368515
360,449,0.49507377148833714
360,472,0.49507377148833714
360,495,0.38892223413129856
360,506,0.38348249442368515
360,510,0.38348249442368515
360,535,0.38348249442368515
360,543,0.38348249442368515
360,544,0.38348249442368515
360,546,0.38348249442368515
360,552,0.42874646285627205
360,564,0.42874646285627205
360,572,0.4218307438660537
360,585,0.49507377148833714
360,593,0.42008402520840293
360,599,0.42874646285627205
360,602,0.5041841733655161
360,603,0.38892223413129856
360,605,0.49507377148833714
360,616,0.42874646285627205
360,619,0.42874646285627205
360,633,0.42874646285627205
360,659,0.38348249442368515
360,671,0.45753968194423655
360,678,0.49507377148833714
360,722,0.42874646285627205
360,723,0.42874646285627205
360,726,0.4601789933084222
360,731,0.42874646285627205
360,754,0.42008402520840293
360,757,0.38348249442368515
360,761,0.42874646285627205
360,771,0.42874646285627205
360,772,0.5716619504750293
360,788,0.38348249442368515
360,790,0.4601789933084222
360,792,0.42008402520840293
360,794,0.3796283011826483
360,807,0.38892223413129856
360,831,0.5144957554275265
360,836,0.5940885257860046
360,841,0.38348249442368515
360,863,0.42874646285627205
360,903,0.49507377148833714
360,911,0.42008402520840293
360,929,0.4601789933084222
360,930,0.4601789933084222
360,931,0.40016336533252056
360,932,0.38892223413129856
360,933,0.5144957554275265
361,20,0.46291004988627577
361,36,0.408248290463863
361,41,0.38729833462074176
361,50,0.43301270189221935
361,51,0.38729833462074176
361,52,0.6123724356957946
361,55,0.6531972647421809
361,60,0.408248290463863
361,68,0.7071067811865477
361,71,0.408248290463863
361,101,0.5000000000000001
361,359,0.8660254037844387
361,360,0.49009802940980346
361,412,0.45291081365783836
361,671,0.39605901719066977
361,721,0.4714045207910318
361,726,0.5477225575051662
361,754,0.5000000000000001
361,792,0.5000000000000001
361,840,0.43301270189221935
361,929,0.5477225575051662
362,99,0.3872983346207417
362,106,0.4472135954999579
362,360,0.38348249442368515
362,651,0.38729833462074176
364,3,0.3779644730092272
364,65,0.38729833462074165
364,68,0.408248290463863
364,92,0.5773502691896258
364,99,0.6123724356957945
364,141,0.42640143271122083
364,208,0.4714045207910316
364,283,0.4999999999999999
364,332,0.4472135954999579
364,338,0.3779644730092272
364,349,0.408248290463863
364,359,0.4999999999999999
364,360,0.6063390625908324
364,366,0.408248290463863
364,398,0.408248290463863
364,405,0.4999999999999999
364,412,0.39223227027636803
364,449,0.408248290463863
364,472,0.408248290463863
364,585,0.408248290463863
364,602,0.3779644730092272
364,605,0.408248290463863
364,678,0.408248290463863
364,772,0.4714045207910316
364,836,0.408248290463863
364,903,0.408248290463863
365,92,0.5477225575051662
365,93,0.39999999999999997
365,99,0.5163977794943223
365,355,0.5163977794943223
365,360,0.4601789933084222
365,408,0.4472135954999579
365,831,0.4472135954999579
366,92,0.4714045207910318
366,99,0.5000000000000001
366,208,0.3849001794597505
366,235,0.420084025208403
366,283,0.408248290463863
366,359,0.408248290463863
366,360,0.49507377148833714
366,364,0.408248290463863
366,405,0.408248290463863
366,772,0.3849001794597505
368,1,0.39999999999999997
368,92,0.5477225575051662
368,93,0.39999999999999997
368,99,0.5163977794943223
368,174,0.5070925528371099
368,325,0.4472135954999579
368,328,0.44721359549995787
368,329,0.4472135954999579
368,339,0.4472135954999579
368,360,0.4601789933084222
368,369,0.4472135954999579
368,374,0.47434164902525683
368,384,0.5070925528371099
368,386,0.4472135954999579
368,387,0.4338609156373123
368,388,0.39999999999999997
368,405,0.6324555320336758
368,407,0.6
368,556,0.39999999999999997
368,737,0.47434164902525683
368,773,0.39999999999999997
368,790,0.6
368,794,0.7071067811865476
368,807,0.5070925528371099
368,836,0.5163977794943223
368,911,0.5477225575051662
368,930,0.39999999999999997
368,931,0.44721359549995787
368,933,0.4472135954999579
369,1,0.4472135954999579
369,2,0.4082482904638631
369,3,0.4008918628686366
369,14,0.5
369,65,0.4564354645876384
369,74,0.3779644730092272
369,92,0.6123724356957946
369,93,0.4472135954999579
369,99,0.5773502691896258
369,174,0.5669467095138407
369,314,0.5
369,325,0.75
369,326,0.8164965809277261
369,327,0.6123724356957946
369,328,0.6666666666666666
369,329,1.0
369,338,0.5345224838248488
369,339,0.5
369,352,0.3779644730092272
369,360,0.5144957554275265
369,368,0.4472135954999579
369,384,0.5669467095138407
369,385,0.4082482904638631
369,386,0.75
369,388,0.4472135954999579
369,405,0.7071067811865475
369,407,0.4472135954999579
369,436,0.4472135954999579
369,442,0.4330127018922194
369,495,0.3779644730092272
369,503,0.3779644730092272
369,535,0.4472135954999579
369,540,0.42257712736425823
369,543,0.4472135954999579
369,546,0.4472135954999579
369,547,0.5773502691896258
369,556,0.6708203932499369
369,559,0.5
369,593,0.6123724356957946
369,602,0.5345224838248488
369,603,0.5669467095138407
369,605,0.5773502691896258
369,619,0.5
369,743,0.38729833462074165
369,745,0.3779644730092272
369,768,0.4008918628686366
369,790,0.4472135954999579
369,792,0.4082482904638631
369,794,0.4743416490252569
369,807,0.3779644730092272
369,836,0.5773502691896258
369,879,0.4008918628686366
369,911,0.8164965809277261
369,912,0.3779644730092272
369,929,0.4472135954999579
369,930,0.4472135954999579
369,931,0.6666666666666666
369,932,0.5669467095138407
369,933,0.75
370,286,0.4082482904638631
371,388,0.5393598899705937
371,930,0.5393598899705937
373,331,0.4472135954999579
373,375,0.5163977794943223
373,378,0.47434164902525683
373,389,0.4242640687119285
373,603,0.42257712736425823
373,756,0.44721359549995787
373,767,0.7302967433402215
373,770,0.7302967433402215
373,775,0.4472135954999579
373,790,0.5
374,1,0.47434164902525683
374,3,0.3779644730092272
374,10,0.42640143271122083
374,92,0.43301270189221935
374,99,0.408248290463863
374,174,0.4008918628686365
374,285,0.41666666666666663
374,326,0.43301270189221935
374,327,0.43301270189221935
374,328,0.4714045207910316
374,331,0.5303300858899106
374,368,0.47434164902525683
374,384,0.5345224838248487
374,387,0.42874646285627205
374,405,0.4999999999999999
374,407,0.6324555320336758
374,737,0.37499999999999994
374,790,0.47434164902525683
374,794,0.4472135954999579
374,807,0.5345224838248487
374,836,0.408248290463863
374,911,0.43301270189221935
375,373,0.5163977794943223
375,378,0.8164965809277261
375,603,0.4364357804719848
375,714,0.408248290463863
375,756,0.3849001794597505
375,767,0.7071067811865477
375,770,0.7071067811865477
375,775,0.4330127018922194
376,379,0.4999999999999999
378,373,0.47434164902525683
378,375,0.8164965809277261
378,603,0.4008918628686365
378,714,0.4999999999999999
378,767,0.7216878364870323
378,770,0.7216878364870323
378,775,0.44194173824159216
378,848,0.4170288281141495
379,376,0.4999999999999999
382,207,0.5773502691896258
382,314,0.5
382,547,0.3849001794597505
382,554,0.3849001794597505
382,557,0.4444444444444444
382,570,0.44543540318737396
382,612,0.3849001794597505
382,613,0.5039526306789696
382,696,0.44721359549995787
382,782,0.5962847939999438
382,783,0.6666666666666666
382,784,0.816496580927726
382,785,0.5039526306789696
382,786,0.408248290463863
382,789,0.6324555320336759
382,904,0.408248290463863
382,912,0.3779644730092272
383,6,0.42640143271122083
383,8,0.5773502691896258
383,35,0.39223227027636803
383,36,0.4714045207910316
383,60,0.4714045207910316
383,398,0.408248290463863
383,585,0.408248290463863
383,588,0.5345224838248487
383,598,0.4999999999999999
383,660,0.7071067811865475
383,678,0.408248290463863
383,765,0.408248290463863
384,1,0.5070925528371099
384,3,0.5050762722761053
384,92,0.46291004988627577
384,99,0.4364357804719848
384,174,0.5714285714285713
384,325,0.5669467095138407
384,326,0.6172133998483676
384,327,0.6172133998483676
384,328,0.6299407883487119
384,329,0.5669467095138407
384,331,0.3779644730092272
384,339,0.3779644730092272
384,360,0.38892223413129856
384,368,0.5070925528371099
384,369,0.5669467095138407
384,374,0.5345224838248487
384,386,0.3779644730092272
384,387,0.4583492485141056
384,397,0.3779644730092272
384,405,0.5345224838248487
384,407,0.6761234037828131
384,556,0.5070925528371099
384,593,0.46291004988627577
384,603,0.4285714285714285
384,737,0.4008918628686365
384,741,0.4583492485141056
384,742,0.4583492485141056
384,790,0.5070925528371099
384,794,0.4780914437337574
384,807,0.5714285714285713
384,828,0.3779644730092272
384,836,0.4364357804719848
384,911,0.6172133998483676
384,931,0.5039526306789696
384,932,0.4285714285714285
384,933,0.5669467095138407
385,325,0.4082482904638631
385,329,0.4082482904638631
385,332,0.38729833462074176
385,369,0.4082482904638631
385,386,0.4082482904638631
385,772,0.408248290463863
385,933,0.4082482904638631
386,1,0.4472135954999579
386,2,0.4082482904638631
386,3,0.4008918628686366
386,14,0.5
386,65,0.4564354645876384
386,74,0.3779644730092272
386,92,0.6123724356957946
386,93,0.4472135954999579
386,99,0.5773502691896258
386,174,0.3779644730092272
386,314,0.5
386,325,0.5
386,326,0.6123724356957946
386,327,0.4082482904638631
386,328,0.5
386,329,0.75
386,338,0.5345224838248488
386,339,0.5
386,352,0.3779644730092272
386,360,0.5144957554275265
386,368,0.4472135954999579
386,369,0.75
386,384,0.3779644730092272
386,385,0.4082482904638631
386,388,0.4472135954999579
386,405,0.7071067811865475
386,407,0.4472135954999579
386,436,0.4472135954999579
386,442,0.4330127018922194
386,495,0.3779644730092272
386,503,0.3779644730092272
386,535,0.4472135954999579
386,543,0.4472135954999579
386,546,0.4472135954999579
386,556,0.4472135954999579
386,559,0.5
386,593,0.4082482904638631
386,602,0.5345224838248488
386,603,0.3779644730092272
386,605,0.5773502691896258
386,619,0.5
386,745,0.3779644730092272
386,768,0.4008918628686366
386,790,0.4472135954999579
386,792,0.4082482904638631
386,794,0.4743416490252569
386,807,0.3779644730092272
386,836,0.5773502691896258
386,879,0.4008918628686366
386,911,0.6123724356957946
386,912,0.3779644730092272
386,929,0.4472135954999579
386,930,0.4472135954999579
386,931,0.5
386,932,0.3779644730092272
386,933,0.5
387,1,0.4338609156373123
387,92,0.39605901719066977
387,326,0.39605901719066977
387,327,0.39605901719066977
387,328,0.4042260417272216
387,368,0.4338609156373123
387,374,0.42874646285627205
387,384,0.4583492485141056
387,405,0.5144957554275265
387,407,0.5423261445466404
387,790,0.4338609156373123
387,794,0.4601789933084223
387,807,0.4583492485141056
387,836,0.420084025208403
387,911,0.39605901719066977
387,931,0.4042260417272216
388,1,0.39999999999999997
388,14,0.5962847939999438
388,22,0.3721042037676254
388,30,0.39999999999999997
388,65,0.48989794855663554
388,92,0.5477225575051662
388,93,0.39999999999999997
388,99,0.5163977794943223
388,325,0.4472135954999579
388,327,0.7302967433402215
388,329,0.4472135954999579
388,339,0.4472135954999579
388,360,0.4601789933084222
388,368,0.39999999999999997
388,369,0.4472135954999579
388,371,0.5393598899705937
388,386,0.4472135954999579
388,405,0.6324555320336758
388,407,0.39999999999999997
388,442,0.5163977794943223
388,495,0.6761234037828131
388,572,0.39999999999999997
388,758,0.44721359549995787
388,768,0.4780914437337575
388,781,0.38729833462074176
388,788,0.39999999999999997
388,790,0.39999999999999997
388,794,0.4242640687119285
388,801,0.4216370213557839
388,836,0.5163977794943223
388,913,0.5262348115842176
388,930,0.7999999999999999
388,931,0.44721359549995787
388,932,0.6761234037828131
388,933,0.4472135954999579
389,373,0.4242640687119285
389,767,0.5163977794943223
389,770,0.5163977794943223
391,403,1.0
391,764,0.4472135954999579
391,812,0.4082482904638631
392,713,0.4472135954999579
393,806,0.5
394,59,0.4303314829119351
394,217,0.3779644730092272
394,331,0.5
394,402,0.3779644730092272
394,418,0.3779644730092272
394,689,0.3779644730092272
394,707,0.4444444444444444
394,758,0.4444444444444444
394,801,0.3928371006591931
396,92,0.5000000000000001
396,99,0.4714045207910318
396,360,0.42008402520840293
396,397,0.5443310539518174
396,408,0.6123724356957946
396,472,0.4714045207910318
396,603,0.46291004988627577
396,771,0.6123724356957946
396,774,0.43301270189221935
396,831,0.4082482904638631
397,92,0.408248290463863
397,98,0.408248290463863
397,99,0.3849001794597505
397,328,0.4444444444444444
397,384,0.3779644730092272
397,396,0.5443310539518174
397,407,0.44721359549995787
397,408,0.5
397,594,0.40201512610368484
397,603,0.3779644730092272
397,767,0.408248290463863
397,770,0.408248290463863
397,771,0.5
397,807,0.3779644730092272
398,3,0.4629100498862758
398,17,0.5773502691896258
398,27,0.6546536707079772
398,36,0.3849001794597505
398,60,0.3849001794597505
398,65,0.42163702135578396
398,92,0.4714045207910318
398,99,0.5000000000000001
398,100,0.4364357804719848
398,208,0.3849001794597505
398,283,0.408248290463863
398,343,0.4714045207910318
398,344,0.5163977794943223
398,346,0.408248290463863
398,347,0.8660254037844388
398,358,0.4714045207910318
398,359,0.408248290463863
398,360,0.49507377148833714
398,364,0.408248290463863
398,383,0.408248290463863
398,405,0.408248290463863
398,468,0.408248290463863
398,471,0.4714045207910318
398,502,0.3849001794597505
398,510,0.5163977794943223
398,548,0.408248290463863
398,552,0.5773502691896258
398,561,0.6546536707079772
398,585,0.6666666666666669
398,598,0.408248290463863
398,599,0.5773502691896258
398,600,0.4364357804719848
398,605,0.6666666666666669
398,606,0.3849001794597505
398,615,0.4364357804719848
398,660,0.5773502691896258
398,678,0.6666666666666669
398,685,0.3849001794597505
398,722,0.8660254037844388
398,745,0.4364357804719848
398,757,0.5163977794943223
398,758,0.3849001794597505
398,772,0.3849001794597505
398,826,0.4714045207910318
398,831,0.5773502691896258
398,931,0.3849001794597505
401,407,0.3721042037676254
402,33,0.5039526306789696
402,36,0.3779644730092272
402,59,0.4879500364742665
402,60,0.3779644730092272
402,331,0.3779644730092272
402,394,0.3779644730092272
402,410,0.4364357804719848
402,660,0.3779644730092272
402,707,0.3779644730092272
402,748,0.45584230583855173
403,391,1.0
403,764,0.4472135954999579
403,812,0.4082482904638631
405,1,0.6324555320336758
405,2,0.5773502691896258
405,3,0.5669467095138409
405,10,0.42640143271122083
405,14,0.4714045207910316
405,22,0.39223227027636803
405,65,0.5163977794943222
405,68,0.408248290463863
405,92,0.8660254037844387
405,93,0.6324555320336758
405,99,0.816496580927726
405,141,0.42640143271122083
405,174,0.5345224838248487
405,208,0.4714045207910316
405,283,0.4999999999999999
405,320,0.4999999999999999
405,325,0.7071067811865475
405,326,0.5773502691896258
405,327,0.5773502691896258
405,328,0.4714045207910316
405,329,0.7071067811865475
405,332,0.4472135954999579
405,338,0.5669467095138409
405,339,0.7071067811865475
405,349,0.408248290463863
405,359,0.4999999999999999
405,360,0.7276068751089988
405,364,0.4999999999999999
405,366,0.408248290463863
405,368,0.6324555320336758
405,369,0.7071067811865475
405,374,0.4999999999999999
405,384,0.5345224838248487
405,386,0.7071067811865475
405,387,0.5144957554275265
405,388,0.6324555320336758
405,398,0.408248290463863
405,407,0.6324555320336758
405,412,0.39223227027636803
405,442,0.408248290463863
405,449,0.408248290463863
405,472,0.408248290463863
405,484,0.42640143271122083
405,486,0.3779644730092272
405,495,0.5345224838248487
405,585,0.408248290463863
405,593,0.5773502691896258
405,602,0.5669467095138409
405,603,0.5345224838248487
405,605,0.408248290463863
405,678,0.408248290463863
405,758,0.4714045207910316
405,768,0.3779644730092272
405,772,0.4714045207910316
405,790,0.6324555320336758
405,794,0.6708203932499369
405,807,0.5345224838248487
405,836,0.816496580927726
405,879,0.3779644730092272
405,903,0.408248290463863
405,911,0.5773502691896258
405,930,0.6324555320336758
405,931,0.7071067811865475
405,932,0.5345224838248487
405,933,0.7071067811865475
406,63,0.4216370213557839
407,1,0.6
407,3,0.47809144373375745
407,10,0.40451991747794525
407,92,0.5477225575051662
407,93,0.39999999999999997
407,99,0.5163977794943223
407,174,0.5070925528371099
407,325,0.4472135954999579
407,326,0.5477225575051662
407,327,0.5477225575051662
407,328,0.5962847939999438
407,329,0.4472135954999579
407,331,0.4472135954999579
407,339,0.4472135954999579
407,360,0.4601789933084222
407,368,0.6
407,369,0.4472135954999579
407,374,0.6324555320336758
407,384,0.6761234037828131
407,386,0.4472135954999579
407,387,0.5423261445466404
407,388,0.39999999999999997
407,397,0.44721359549995787
407,401,0.3721042037676254
407,405,0.6324555320336758
407,556,0.39999999999999997
407,594,0.40451991747794525
407,737,0.47434164902525683
407,741,0.4338609156373123
407,742,0.4338609156373123
407,790,0.6
407,794,0.565685424949238
407,801,0.4216370213557839
407,807,0.6761234037828131
407,828,0.4472135954999579
407,836,0.5163977794943223
407,911,0.5477225575051662
407,930,0.39999999999999997
407,931,0.44721359549995787
407,933,0.4472135954999579
408,92,0.6123724356957946
408,93,0.4472135954999579
408,98,0.4082482904638631
408,99,0.5773502691896258
408,360,0.5144957554275265
408,365,0.4472135954999579
408,396,0.6123724356957946
408,397,0.5
408,603,0.3779644730092272
408,771,0.5
408,831,0.5
409,37,0.5962847939999438
409,38,0.5
409,103,0.5039526306789696
410,33,0.48112522432468824
410,402,0.4364357804719848
410,748,0.5222329678670936
411,141,0.40201512610368484
411,181,0.3849001794597505
411,421,0.4714045207910316
412,3,0.37062465833055064
412,20,0.4193139346887673
412,35,0.38461538461538464
412,52,0.41602514716892186
412,55,0.38829013735766044
412,56,0.37062465833055064
412,68,0.6405126152203486
412,92,0.45291081365783836
412,99,0.4803844614152615
412,283,0.39223227027636803
412,349,0.4803844614152615
412,359,0.588348405414552
412,360,0.5232166435699435
412,361,0.45291081365783836
412,364,0.39223227027636803
412,405,0.39223227027636803
412,424,0.524142418360959
412,726,0.3721042037676254
412,929,0.3721042037676254
414,29,0.4364357804719849
414,421,0.3779644730092272
414,744,0.4199819515766668
415,849,0.3779644730092272
416,417,0.3849001794597506
416,688,0.40201512610368484
416,689,0.3779644730092272
417,59,0.37267799624996495
417,416,0.3849001794597506
417,639,0.3849001794597506
418,59,0.3903600291794132
418,331,0.3779644730092272
418,394,0.3779644730092272
418,707,0.3779644730092272
419,99,0.3872983346207417
419,141,0.40451991747794525
419,360,0.38348249442368515
419,535,0.39999999999999997
419,546,0.39999999999999997
419,619,0.4472135954999579
420,179,0.3779644730092272
420,181,0.4364357804719848
420,421,0.5345224838248487
420,423,0.3779644730092272
420,691,0.3779644730092272
420,839,0.3779644730092272
421,29,0.5773502691896258
421,53,0.4999999999999999
421,141,0.42640143271122083
421,154,0.6324555320336758
421,166,0.5345224838248487
421,172,0.5163977794943222
421,179,0.7071067811865475
421,181,0.816496580927726
421,226,0.6123724356957946
421,234,0.4472135954999579
421,239,0.4999999999999999
421,411,0.4714045207910316
421,414,0.3779644730092272
421,420,0.5345224838248487
421,423,0.7071067811865475
421,425,0.5345224838248487
421,462,0.408248290463863
421,536,0.408248290463863
421,554,0.408248290463863
421,649,0.4714045207910316
421,691,0.7071067811865475
421,746,0.4999999999999999
421,808,0.4472135954999579
421,811,0.4472135954999579
421,829,0.5345224838248487
421,830,0.5773502691896258
421,839,0.7071067811865475
421,846,0.5773502691896258
422,100,0.4008918628686365
422,127,0.408248290463863
422,344,0.6324555320336758
422,564,0.5303300858899106
423,29,0.4082482904638631
423,53,0.7071067811865475
423,76,0.4472135954999579
423,150,0.4082482904638631
423,154,0.4472135954999579
423,166,0.3779644730092272
423,179,1.0
423,181,0.5773502691896258
423,239,0.7071067811865475
423,352,0.3779644730092272
423,420,0.3779644730092272
423,421,0.7071067811865475
423,425,0.3779644730092272
423,495,0.3779644730092272
423,554,0.5773502691896258
423,689,0.3779644730092272
423,691,1.0
423,746,0.7071067811865475
423,800,0.4082482904638631
423,829,0.3779644730092272
423,830,0.4082482904638631
423,846,0.4082482904638631
423,858,0.5
423,905,0.4472135954999579
423,910,0.5
424,412,0.524142418360959
425,52,0.3779644730092272
425,69,0.4364357804719848
425,76,0.5070925528371099
425,179,0.3779644730092272
425,181,0.4364357804719848
425,421,0.5345224838248487
425,423,0.3779644730092272
425,677,0.4008918628686365
425,689,0.4285714285714285
425,691,0.3779644730092272
425,712,0.3779644730092272
425,839,0.3779644730092272
425,912,0.4285714285714285
425,915,0.3779644730092272
427,17,0.5
427,27,0.3779644730092272
427,100,0.3779644730092272
427,343,0.4082482904638631
427,356,0.3779644730092272
427,490,0.5
427,510,0.4472135954999579
427,552,0.5
427,598,0.7071067811865475
427,600,0.3779644730092272
427,660,0.5
427,678,0.5773502691896258
428,432,0.38729833462074165
428,477,0.38729833462074165
428,589,0.38729833462074165
431,660,0.3779644730092272
432,31,0.4082482904638631
432,428,0.38729833462074165
432,475,0.4472135954999579
432,481,0.3779644730092272
432,491,0.5163977794943222
432,492,0.5163977794943222
432,493,0.4330127018922194
432,539,0.4082482904638631
432,681,0.4082482904638631
432,860,0.5
432,924,0.4082482904638631
436,52,0.4472135954999579
436,99,0.3872983346207417
436,314,0.4472135954999579
436,329,0.4472135954999579
436,360,0.38348249442368515
436,369,0.4472135954999579
436,386,0.4472135954999579
436,535,0.39999999999999997
436,543,0.39999999999999997
436,546,0.39999999999999997
436,559,0.4472135954999579
436,605,0.5163977794943223
436,619,0.4472135954999579
436,726,0.39999999999999997
436,792,0.5477225575051662
436,912,0.5070925528371099
436,915,0.4472135954999579
436,929,0.39999999999999997
439,479,0.408248290463863
439,681,0.4714045207910318
442,14,0.48112522432468824
442,30,0.38729833462074176
442,65,0.4216370213557839
442,325,0.4330127018922194
442,327,0.4714045207910318
442,329,0.4330127018922194
442,369,0.4330127018922194
442,386,0.4330127018922194
442,388,0.5163977794943223
442,405,0.408248290463863
442,495,0.4364357804719848
442,536,0.4166666666666668
442,749,0.4364357804719848
442,758,0.3849001794597506
442,768,0.38575837490522985
442,778,0.42008402520840304
442,790,0.38729833462074176
442,911,0.4714045207910318
442,913,0.3962969619506086
442,930,0.5163977794943223
442,932,0.4364357804719848
443,335,0.4330127018922194
443,508,0.5773502691896258
447,817,0.3721042037676254
449,92,0.4714045207910318
449,99,0.5000000000000001
449,208,0.3849001794597505
449,283,0.408248290463863
449,359,0.408248290463863
449,360,0.49507377148833714
449,364,0.408248290463863
449,405,0.408248290463863
449,573,0.6123724356957946
449,772,0.3849001794597505
451,39,0.39605901719066977
452,469,0.42640143271122083
453,477,0.5773502691896258
453,502,0.3849001794597505
455,32,0.4387634544762784
455,459,0.42640143271122083
455,491,0.4670993664969138
455,492,0.4670993664969138
455,515,0.42640143271122083
455,562,0.42640143271122083
455,567,0.42640143271122083
455,568,0.42640143271122083
455,647,0.40201512610368484
455,673,0.40201512610368484
455,926,0.42640143271122083
456,32,0.420084025208403
456,459,0.408248290463863
456,491,0.44721359549995804
456,492,0.44721359549995804
456,515,0.408248290463863
456,562,0.816496580927726
456,567,0.408248290463863
456,568,0.408248290463863
456,614,0.5163977794943223
456,647,0.3849001794597505
456,670,0.408248290463863
456,673,0.3849001794597505
456,926,0.408248290463863
457,701,0.408248290463863
457,717,0.408248290463863
457,727,0.5773502691896258
459,32,0.5144957554275265
459,455,0.42640143271122083
459,456,0.408248290463863
459,478,0.408248290463863
459,484,0.42640143271122083
459,485,0.408248290463863
459,491,0.5477225575051661
459,492,0.5477225575051661
459,493,0.408248290463863
459,512,0.408248290463863
459,515,0.4999999999999999
459,533,0.39223227027636803
459,542,0.408248290463863
459,562,0.4999999999999999
459,567,0.4999999999999999
459,568,0.4999999999999999
459,646,0.39223227027636803
459,647,0.4714045207910316
459,655,0.408248290463863
459,673,0.4714045207910316
459,686,0.42640143271122083
459,878,0.408248290463863
459,926,0.4999999999999999
460,463,0.47434164902525683
462,421,0.408248290463863
462,469,0.408248290463863
462,839,0.3849001794597505
463,460,0.47434164902525683
463,466,0.4472135954999579
466,463,0.4472135954999579
466,491,0.3872983346207417
466,492,0.3872983346207417
466,507,0.5
466,511,0.3779644730092272
466,512,0.5773502691896258
466,927,0.4082482904638631
467,469,0.816496580927726
468,27,0.5345224838248487
468,398,0.408248290463863
468,585,0.408248290463863
468,678,0.408248290463863
468,826,0.43301270189221935
469,452,0.42640143271122083
469,462,0.408248290463863
469,467,0.816496580927726
469,474,0.408248290463863
469,508,0.408248290463863
470,474,0.5163977794943223
471,13,0.4216370213557839
471,17,0.4082482904638631
471,32,0.39605901719066977
471,347,0.4082482904638631
471,398,0.4714045207910318
471,472,0.4714045207910318
471,552,0.4082482904638631
471,561,0.46291004988627577
471,585,0.4714045207910318
471,599,0.4082482904638631
471,660,0.4082482904638631
471,678,0.4714045207910318
471,722,0.4082482904638631
471,757,0.5477225575051662
471,765,0.4714045207910318
471,878,0.4714045207910318
472,73,0.40824829046386313
472,92,0.4714045207910318
472,99,0.5000000000000001
472,208,0.3849001794597505
472,283,0.408248290463863
472,346,0.6123724356957946
472,349,0.6666666666666669
472,350,0.5773502691896258
472,352,0.4364357804719848
472,359,0.408248290463863
472,360,0.49507377148833714
472,364,0.408248290463863
472,396,0.4714045207910318
472,405,0.408248290463863
472,471,0.4714045207910318
472,561,0.4364357804719848
472,757,0.5163977794943223
472,772,0.3849001794597505
474,469,0.408248290463863
474,470,0.5163977794943223
475,432,0.4472135954999579
475,477,0.4472135954999579
475,481,0.5070925528371099
475,482,0.4472135954999579
475,491,0.4618802153517006
475,492,0.4618802153517006
475,493,0.38729833462074176
475,647,0.44721359549995787
475,738,0.3903600291794133
475,860,0.4472135954999579
475,924,0.5477225575051662
476,681,0.38729833462074176
477,428,0.38729833462074165
477,453,0.5773502691896258
477,475,0.4472135954999579
477,481,0.3779644730092272
477,738,0.4364357804719848
477,859,0.4472135954999579
477,924,0.4082482904638631
478,32,0.420084025208403
478,459,0.408248290463863
478,491,0.44721359549995804
478,492,0.44721359549995804
478,515,0.408248290463863
478,562,0.408248290463863
478,567,0.408248290463863
478,568,0.408248290463863
478,646,0.4803844614152615
478,647,0.3849001794597505
478,673,0.3849001794597505
478,926,0.408248290463863
479,439,0.408248290463863
480,357,0.4472135954999579
480,858,0.4472135954999579
481,432,0.3779644730092272
481,475,0.5070925528371099
481,477,0.3779644730092272
481,482,0.5669467095138407
481,491,0.39036002917941326
481,492,0.39036002917941326
481,515,0.4008918628686365
481,644,0.3779644730092272
481,647,0.3779644730092272
481,860,0.3779644730092272
481,924,0.46291004988627577
482,475,0.4472135954999579
482,481,0.5669467095138407
482,491,0.3872983346207417
482,492,0.3872983346207417
482,647,0.5
482,924,0.4082482904638631
483,198,0.40451991747794525
483,842,0.44721359549995787
483,864,0.39999999999999997
483,873,0.5163977794943223
483,893,0.6324555320336758
483,894,0.6324555320336758
483,918,0.44721359549995787
484,1,0.5393598899705937
484,2,0.492365963917331
484,14,0.40201512610368484
484,32,0.5118906968889915
484,320,0.42640143271122083
484,405,0.42640143271122083
484,459,0.42640143271122083
484,491,0.4670993664969138
484,492,0.4670993664969138
484,493,0.43519413988924466
484,495,0.4558423058385518
484,515,0.42640143271122083
484,562,0.42640143271122083
484,567,0.42640143271122083
484,568,0.42640143271122083
484,647,0.502518907629606
484,673,0.40201512610368484
484,926,0.42640143271122083
485,32,0.420084025208403
485,459,0.408248290463863
485,491,0.44721359549995804
485,492,0.44721359549995804
485,502,0.3849001794597505
485,515,0.408248290463863
485,562,0.408248290463863
485,567,0.408248290463863
485,568,0.408248290463863
485,644,0.5773502691896258
485,646,0.4803844614152615
485,647,0.5773502691896258
485,673,0.3849001794597505
485,926,0.408248290463863
486,405,0.3779644730092272
489,559,0.3779644730092272
490,17,0.5
490,27,0.3779644730092272
490,100,0.3779644730092272
490,343,0.4082482904638631
490,427,0.5
490,510,0.4472135954999579
490,552,0.75
490,566,0.4330127018922194
490,583,0.5
490,585,0.5773502691896258
490,596,0.5
490,600,0.3779644730092272
490,660,0.5
490,678,0.5773502691896258
491,11,0.3872983346207417
491,32,0.5636018619766345
491,432,0.5163977794943222
491,455,0.4670993664969138
491,456,0.44721359549995804
491,459,0.5477225575051661
491,466,0.3872983346207417
491,475,0.4618802153517006
491,478,0.44721359549995804
491,481,0.39036002917941326
491,482,0.3872983346207417
491,484,0.4670993664969138
491,485,0.44721359549995804
491,492,1.0
491,493,0.521749194749951
491,502,0.5163977794943222
491,507,0.3872983346207417
491,512,0.44721359549995804
491,515,0.5477225575051661
491,520,0.408248290463863
491,533,0.4296689244236598
491,539,0.6324555320336759
491,542,0.44721359549995804
491,545,0.5163977794943222
491,558,0.48795003647426655
491,560,0.42163702135578396
491,562,0.5477225575051661
491,567,0.5477225575051661
491,568,0.5477225575051661
491,589,0.3872983346207417
491,595,0.4303314829119352
491,614,0.4618802153517006
491,644,0.3872983346207417
491,646,0.4296689244236598
491,647,0.5163977794943222
491,655,0.44721359549995804
491,662,0.3872983346207417
491,673,0.5163977794943222
491,681,0.42163702135578396
491,686,0.4670993664969138
491,709,0.4618802153517006
491,860,0.5163977794943222
491,878,0.44721359549995804
491,924,0.42163702135578396
491,926,0.5477225575051661
492,11,0.3872983346207417
492,32,0.5636018619766345
492,432,0.5163977794943222
492,455,0.4670993664969138
492,456,0.44721359549995804
492,459,0.5477225575051661
492,466,0.3872983346207417
492,475,0.4618802153517006
492,478,0.44721359549995804
492,481,0.39036002917941326
492,482,0.3872983346207417
492,484,0.4670993664969138
492,485,0.44721359549995804
492,491,1.0
492,493,0.521749194749951
492,502,0.5163977794943222
492,507,0.3872983346207417
492,512,0.44721359549995804
492,515,0.5477225575051661
492,520,0.408248290463863
492,533,0.4296689244236598
492,539,0.6324555320336759
492,542,0.44721359549995804
492,545,0.5163977794943222
492,558,0.48795003647426655
492,560,0.42163702135578396
492,562,0.5477225575051661
492,567,0.5477225575051661
492,568,0.5477225575051661
492,589,0.3872983346207417
492,595,0.4303314829119352
492,614,0.4618802153517006
492,644,0.3872983346207417
492,646,0.4296689244236598
492,647,0.5163977794943222
492,655,0.44721359549995804
492,662,0.3872983346207417
492,673,0.5163977794943222
492,681,0.42163702135578396
492,686,0.4670993664969138
492,709,0.4618802153517006
492,860,0.5163977794943222
492,878,0.44721359549995804
492,924,0.42163702135578396
492,926,0.5477225575051661
493,1,0.38729833462074176
493,32,0.4900980294098035
493,432,0.4330127018922194
493,459,0.408248290463863
493,475,0.38729833462074176
493,484,0.43519413988924466
493,491,0.521749194749951
493,492,0.521749194749951
493,502,0.3849001794597505
493,515,0.408248290463863
493,533,0.4003203845127179
493,562,0.408248290463863
493,567,0.408248290463863
493,568,0.408248290463863
493,639,0.3849001794597505
493,647,0.3849001794597505
493,673,0.3849001794597505
493,860,0.4330127018922194
493,926,0.408248290463863
495,1,0.5070925528371099
495,2,0.46291004988627577
495,13,0.4879500364742665
495,14,0.6299407883487119
495,29,0.46291004988627577
495,65,0.48304589153964794
495,92,0.46291004988627577
495,99,0.4364357804719848
495,179,0.3779644730092272
495,320,0.4008918628686365
495,325,0.3779644730092272
495,327,0.6172133998483676
495,329,0.3779644730092272
495,339,0.3779644730092272
495,360,0.38892223413129856
495,369,0.3779644730092272
495,386,0.3779644730092272
495,388,0.6761234037828131
495,405,0.5345224838248487
495,423,0.3779644730092272
495,442,0.4364357804719848
495,484,0.4558423058385518
495,691,0.3779644730092272
495,758,0.3779644730092272
495,768,0.5050762722761053
495,801,0.44543540318737396
495,836,0.4364357804719848
495,842,0.3779644730092272
495,913,0.5188745216627708
495,930,0.6761234037828131
495,931,0.3779644730092272
495,932,0.5714285714285713
495,933,0.3779644730092272
498,529,0.37499999999999994
499,85,0.39223227027636803
499,245,0.39223227027636803
499,351,0.408248290463863
499,529,0.4999999999999999
500,798,0.9999999999999999
502,107,0.5
502,341,0.4216370213557839
502,398,0.3849001794597505
502,453,0.3849001794597505
502,485,0.3849001794597505
502,491,0.5163977794943222
502,492,0.5163977794943222
502,493,0.3849001794597505
502,539,0.5443310539518174
502,561,0.3779644730092272
502,605,0.5773502691896258
502,745,0.3779644730092272
503,3,0.40406101782088427
503,29,0.46291004988627577
503,65,0.5520524474738833
503,68,0.4364357804719848
503,75,0.3779644730092272
503,314,0.3779644730092272
503,329,0.3779644730092272
503,349,0.4364357804719848
503,369,0.3779644730092272
503,386,0.3779644730092272
503,535,0.6761234037828131
503,536,0.4364357804719848
503,546,0.5070925528371099
503,559,0.3779644730092272
503,602,0.5050762722761053
503,605,0.4364357804719848
503,606,0.5039526306789696
503,613,0.4285714285714285
503,619,0.5669467095138407
503,620,0.4364357804719848
503,624,0.4008918628686365
503,745,0.4285714285714285
503,749,0.4285714285714285
503,783,0.3779644730092272
503,789,0.4780914437337574
503,792,0.46291004988627577
503,825,0.3779644730092272
503,909,0.38892223413129856
503,910,0.3779644730092272
503,912,0.5714285714285713
503,915,0.3779644730092272
503,916,0.5039526306789696
503,929,0.5070925528371099
506,99,0.3872983346207417
506,323,0.5163977794943223
506,360,0.38348249442368515
506,535,0.39999999999999997
506,544,0.39999999999999997
506,593,0.5477225575051662
506,860,0.4472135954999579
507,466,0.5
507,491,0.3872983346207417
507,492,0.3872983346207417
507,511,0.3779644730092272
507,512,0.5773502691896258
508,443,0.5773502691896258
508,469,0.408248290463863
510,17,0.6708203932499369
510,27,0.5070925528371099
510,99,0.3872983346207417
510,100,0.5070925528371099
510,343,0.5477225575051662
510,347,0.4472135954999579
510,360,0.38348249442368515
510,398,0.5163977794943223
510,427,0.4472135954999579
510,490,0.4472135954999579
510,552,0.6708203932499369
510,585,0.5163977794943223
510,599,0.4472135954999579
510,600,0.5070925528371099
510,660,0.4472135954999579
510,678,0.7745966692414835
510,722,0.4472135954999579
510,757,0.39999999999999997
511,466,0.3779644730092272
511,507,0.3779644730092272
511,512,0.4364357804719848
512,32,0.420084025208403
512,459,0.408248290463863
512,466,0.5773502691896258
512,491,0.44721359549995804
512,492,0.44721359549995804
512,507,0.5773502691896258
512,511,0.4364357804719848
512,515,0.408248290463863
512,562,0.408248290463863
512,567,0.408248290463863
512,568,0.408248290463863
512,647,0.3849001794597505
512,673,0.3849001794597505
512,926,0.408248290463863
513,166,0.4285714285714285
513,542,0.4364357804719848
513,858,0.3779644730092272
515,32,0.5144957554275265
515,455,0.42640143271122083
515,456,0.408248290463863
515,459,0.4999999999999999
515,478,0.408248290463863
515,481,0.4008918628686365
515,484,0.42640143271122083
515,485,0.408248290463863
515,491,0.5477225575051661
515,492,0.5477225575051661
515,493,0.408248290463863
515,512,0.408248290463863
515,533,0.49029033784546006
515,542,0.408248290463863
515,562,0.4999999999999999
515,567,0.4999999999999999
515,568,0.4999999999999999
515,644,0.5303300858899106
515,646,0.39223227027636803
515,647,0.4714045207910316
515,655,0.408248290463863
515,673,0.4714045207910316
515,686,0.42640143271122083
515,878,0.408248290463863
515,926,0.4999999999999999
520,173,0.4472135954999579
520,491,0.408248290463863
520,492,0.408248290463863
520,926,0.4472135954999579
521,644,0.4082482904638631
522,899,0.5669467095138407
523,780,0.7071067811865475
524,736,0.3849001794597505
529,498,0.37499999999999994
529,499,0.4999999999999999
533,32,0.4036036763977875
533,459,0.39223227027636803
533,491,0.4296689244236598
533,492,0.4296689244236598
533,493,0.4003203845127179
533,515,0.49029033784546006
533,562,0.39223227027636803
533,567,0.39223227027636803
533,568,0.39223227027636803
533,644,0.41602514716892186
533,926,0.39223227027636803
535,29,0.5477225575051662
535,61,0.39999999999999997
535,65,0.48989794855663554
535,99,0.3872983346207417
535,141,0.40451991747794525
535,186,0.4472135954999579
535,233,0.4242640687119285
535,314,0.4472135954999579
535,329,0.4472135954999579
535,341,0.565685424949238
535,360,0.38348249442368515
535,369,0.4472135954999579
535,386,0.4472135954999579
535,419,0.39999999999999997
535,436,0.39999999999999997
535,503,0.6761234037828131
535,506,0.39999999999999997
535,536,0.5163977794943223
535,543,0.39999999999999997
535,544,0.39999999999999997
535,546,0.7999999999999999
535,547,0.5163977794943223
535,554,0.5163977794943223
535,557,0.44721359549995787
535,559,0.4472135954999579
535,602,0.5976143046671968
535,605,0.5163977794943223
535,606,0.7453559924999298
535,610,0.4242640687119285
535,612,0.5163977794943223
535,619,0.8944271909999159
535,620,0.5163977794943223
535,624,0.6324555320336758
535,709,0.39999999999999997
535,745,0.5070925528371099
535,789,0.565685424949238
535,791,0.565685424949238
535,825,0.4472135954999579
535,910,0.6708203932499369
535,912,0.6761234037828131
535,916,0.5962847939999438
535,929,0.39999999999999997
536,29,0.4714045207910318
536,65,0.47434164902525694
536,421,0.408248290463863
536,442,0.4166666666666668
536,503,0.4364357804719848
536,535,0.5163977794943223
536,546,0.5163977794943223
536,554,0.5000000000000001
536,578,0.408248290463863
536,605,0.5000000000000001
536,606,0.48112522432468824
536,618,0.4082482904638631
536,619,0.5773502691896258
536,749,0.4364357804719848
536,789,0.45643546458763845
536,791,0.5477225575051662
536,825,0.5773502691896258
536,831,0.4330127018922194
536,839,0.3849001794597506
536,909,0.39605901719066977
536,910,0.4330127018922194
536,912,0.4364357804719848
536,916,0.3849001794597506
537,28,0.48112522432468824
537,61,0.7302967433402215
537,111,0.408248290463863
537,115,0.43301270189221935
537,161,0.5000000000000001
537,186,0.4082482904638631
537,538,0.43301270189221935
537,547,0.4714045207910318
537,554,0.4714045207910318
537,557,0.408248290463863
537,559,0.4082482904638631
537,560,0.5000000000000001
537,610,0.5163977794943223
537,612,0.4714045207910318
537,619,0.4082482904638631
537,621,0.5443310539518174
537,624,0.43301270189221935
537,625,0.43301270189221935
537,704,0.38729833462074176
537,709,0.5477225575051662
537,745,0.46291004988627577
537,825,0.4082482904638631
537,879,0.4364357804719849
537,904,0.5000000000000001
537,910,0.4082482904638631
538,28,0.4166666666666667
538,537,0.43301270189221935
539,82,0.45291081365783836
539,432,0.4082482904638631
539,491,0.6324555320336759
539,492,0.6324555320336759
539,502,0.5443310539518174
539,545,0.4082482904638631
539,551,0.43301270189221935
539,559,0.4082482904638631
539,595,0.408248290463863
539,860,0.4082482904638631
540,318,0.4183300132670377
540,326,0.41403933560541256
540,328,0.3944053188733077
540,329,0.42257712736425823
540,369,0.42257712736425823
540,556,0.3779644730092272
540,911,0.41403933560541256
541,185,0.43519413988924466
542,32,0.420084025208403
542,345,0.408248290463863
542,459,0.408248290463863
542,491,0.44721359549995804
542,492,0.44721359549995804
542,513,0.4364357804719848
542,515,0.408248290463863
542,562,0.408248290463863
542,567,0.408248290463863
542,568,0.408248290463863
542,647,0.3849001794597505
542,673,0.3849001794597505
542,926,0.408248290463863
543,99,0.3872983346207417
543,314,0.4472135954999579
543,329,0.4472135954999579
543,360,0.38348249442368515
543,369,0.4472135954999579
543,386,0.4472135954999579
543,436,0.39999999999999997
543,535,0.39999999999999997
543,546,0.39999999999999997
543,559,0.4472135954999579
543,605,0.5163977794943223
543,619,0.4472135954999579
543,929,0.39999999999999997
544,99,0.3872983346207417
544,113,0.4472135954999579
544,221,0.4472135954999579
544,281,0.4472135954999579
544,360,0.38348249442368515
544,506,0.39999999999999997
544,535,0.39999999999999997
544,552,0.4472135954999579
544,585,0.5163977794943223
544,587,0.4472135954999579
544,596,0.4472135954999579
544,932,0.5070925528371099
545,2,0.4082482904638631
545,8,0.4082482904638631
545,9,0.4472135954999579
545,491,0.5163977794943222
545,492,0.5163977794943222
545,539,0.4082482904638631
545,614,0.4472135954999579
545,686,0.45226701686664544
545,692,0.4082482904638631
546,25,0.4472135954999579
546,34,0.4472135954999579
546,61,0.39999999999999997
546,65,0.40824829046386296
546,93,0.39999999999999997
546,99,0.3872983346207417
546,104,0.4472135954999579
546,141,0.40451991747794525
546,186,0.4472135954999579
546,233,0.4242640687119285
546,314,0.4472135954999579
546,329,0.4472135954999579
546,341,0.565685424949238
546,360,0.38348249442368515
546,369,0.4472135954999579
546,386,0.4472135954999579
546,419,0.39999999999999997
546,436,0.39999999999999997
546,503,0.5070925528371099
546,535,0.7999999999999999
546,536,0.5163977794943223
546,543,0.39999999999999997
546,547,0.5163977794943223
546,549,0.4472135954999579
546,554,0.5163977794943223
546,559,0.4472135954999579
546,602,0.47809144373375745
546,605,0.5163977794943223
546,606,0.5962847939999438
546,612,0.5163977794943223
546,619,0.8944271909999159
546,624,0.6324555320336758
546,709,0.39999999999999997
546,789,0.565685424949238
546,791,0.565685424949238
546,825,0.4472135954999579
546,910,0.4472135954999579
546,912,0.6761234037828131
546,916,0.5962847939999438
546,929,0.39999999999999997
546,930,0.39999999999999997
547,61,0.5163977794943223
547,72,0.408248290463863
547,111,0.3849001794597505
547,133,0.408248290463863
547,161,0.4714045207910318
547,186,0.5773502691896258
547,224,0.3849001794597505
547,326,0.4714045207910318
547,328,0.3849001794597505
547,329,0.5773502691896258
547,369,0.5773502691896258
547,382,0.3849001794597505
547,535,0.5163977794943223
547,537,0.4714045207910318
547,546,0.5163977794943223
547,554,0.6666666666666669
547,556,0.5163977794943223
547,557,0.3849001794597505
547,559,0.5773502691896258
547,578,0.408248290463863
547,606,0.3849001794597505
547,612,0.6666666666666669
547,618,0.408248290463863
547,619,0.5773502691896258
547,624,0.6123724356957946
547,677,0.408248290463863
547,709,0.5163977794943223
547,825,0.5773502691896258
547,910,0.5773502691896258
547,911,0.4714045207910318
547,912,0.4364357804719848
547,916,0.3849001794597505
548,398,0.408248290463863
548,585,0.408248290463863
548,605,0.408248290463863
548,678,0.408248290463863
549,25,0.5
549,34,0.5
549,546,0.4472135954999579
549,559,0.5
551,539,0.43301270189221935
551,600,0.4008918628686365
551,605,0.408248290463863
552,17,0.75
552,27,0.5669467095138407
552,92,0.4082482904638631
552,99,0.43301270189221935
552,100,0.5669467095138407
552,343,0.6123724356957946
552,347,0.5
552,352,0.3779644730092272
552,358,0.4082482904638631
552,360,0.42874646285627205
552,398,0.5773502691896258
552,427,0.5
552,471,0.4082482904638631
552,490,0.75
552,510,0.6708203932499369
552,544,0.4472135954999579
552,561,0.3779644730092272
552,566,0.4330127018922194
552,583,0.5
552,585,0.8660254037844388
552,596,0.5
552,599,0.5
552,600,0.5669467095138407
552,615,0.3779644730092272
552,660,0.5
552,678,0.8660254037844388
552,722,0.5
552,757,0.4472135954999579
552,826,0.4082482904638631
552,892,0.4082482904638631
552,932,0.3779644730092272
554,29,0.4714045207910318
554,53,0.408248290463863
554,61,0.5163977794943223
554,72,0.408248290463863
554,133,0.408248290463863
554,161,0.4714045207910318
554,179,0.5773502691896258
554,186,0.5773502691896258
554,224,0.3849001794597505
554,239,0.408248290463863
554,352,0.4364357804719848
554,382,0.3849001794597505
554,421,0.408248290463863
554,423,0.5773502691896258
554,535,0.5163977794943223
554,536,0.5000000000000001
554,537,0.4714045207910318
554,546,0.5163977794943223
554,547,0.6666666666666669
554,557,0.3849001794597505
554,559,0.5773502691896258
554,578,0.408248290463863
554,606,0.3849001794597505
554,612,0.6666666666666669
554,618,0.408248290463863
554,619,0.5773502691896258
554,624,0.408248290463863
554,677,0.6123724356957946
554,691,0.5773502691896258
554,709,0.5163977794943223
554,746,0.408248290463863
554,825,0.5773502691896258
554,910,0.8660254037844388
554,912,0.4364357804719848
554,916,0.3849001794597505
556,174,0.5070925528371099
556,325,0.4472135954999579
556,326,0.5477225575051662
556,328,0.5962847939999438
556,329,0.6708203932499369
556,368,0.39999999999999997
556,369,0.6708203932499369
556,384,0.5070925528371099
556,386,0.4472135954999579
556,407,0.39999999999999997
556,540,0.3779644730092272
556,547,0.5163977794943223
556,559,0.4472135954999579
556,624,0.47434164902525683
556,709,0.39999999999999997
556,730,0.40451991747794525
556,790,0.39999999999999997
556,794,0.4242640687119285
556,911,0.7302967433402215
556,931,0.44721359549995787
556,933,0.4472135954999579
557,61,0.44721359549995787
557,111,0.5555555555555555
557,161,0.408248290463863
557,186,0.5
557,207,0.5773502691896258
557,382,0.4444444444444444
557,535,0.44721359549995787
557,537,0.408248290463863
557,547,0.3849001794597505
557,554,0.3849001794597505
557,610,0.5270462766947299
557,611,0.4714045207910316
557,612,0.3849001794597505
557,620,0.3849001794597505
557,621,0.5555555555555555
557,696,0.44721359549995787
557,745,0.3779644730092272
557,782,0.44721359549995787
557,784,0.408248290463863
557,789,0.4216370213557839
557,904,0.5443310539518174
557,910,0.5
558,38,0.3779644730092272
558,82,0.4193139346887673
558,199,0.3779644730092272
558,491,0.48795003647426655
558,492,0.48795003647426655
558,559,0.3779644730092272
558,595,0.5039526306789696
558,620,0.4364357804719848
558,661,0.45584230583855173
558,673,0.3779644730092272
558,860,0.3779644730092272
558,910,0.3779644730092272
558,926,0.5345224838248487
559,29,0.4082482904638631
559,30,0.4472135954999579
559,61,0.4472135954999579
559,74,0.3779644730092272
559,161,0.4082482904638631
559,186,0.5
559,207,0.5773502691896258
559,314,0.5
559,326,0.4082482904638631
559,329,0.5
559,352,0.3779644730092272
559,369,0.5
559,386,0.5
559,436,0.4472135954999579
559,489,0.3779644730092272
559,503,0.3779644730092272
559,535,0.4472135954999579
559,537,0.4082482904638631
559,539,0.4082482904638631
559,543,0.4472135954999579
559,546,0.4472135954999579
559,547,0.5773502691896258
559,549,0.5
559,554,0.5773502691896258
559,556,0.4472135954999579
559,558,0.3779644730092272
559,560,0.4082482904638631
559,578,0.7071067811865475
559,605,0.5773502691896258
559,609,0.3779644730092272
559,612,0.5773502691896258
559,613,0.3779644730092272
559,619,0.5
559,620,0.5773502691896258
559,622,0.3779644730092272
559,696,0.4472135954999579
559,705,0.3779644730092272
559,709,0.4472135954999579
559,745,0.3779644730092272
559,749,0.3779644730092272
559,782,0.4472135954999579
559,783,0.5
559,784,0.4082482904638631
559,785,0.3779644730092272
559,786,0.4082482904638631
559,792,0.4082482904638631
559,825,0.5
559,904,0.4082482904638631
559,910,0.5
559,911,0.4082482904638631
559,912,0.3779644730092272
559,915,0.5
559,929,0.4472135954999579
560,28,0.3849001794597506
560,32,0.39605901719066977
560,61,0.7302967433402215
560,111,0.5443310539518174
560,115,0.43301270189221935
560,491,0.42163702135578396
560,492,0.42163702135578396
560,537,0.5000000000000001
560,559,0.4082482904638631
560,567,0.5773502691896258
560,576,0.5270462766947299
560,595,0.408248290463863
560,610,0.38729833462074176
560,621,0.408248290463863
560,625,0.43301270189221935
560,704,0.38729833462074176
560,745,0.46291004988627577
560,904,0.5000000000000001
560,925,0.5892556509887897
561,17,0.3779644730092272
561,27,0.4285714285714285
561,32,0.4583492485141056
561,346,0.5345224838248487
561,347,0.5669467095138407
561,349,0.4364357804719848
561,350,0.3779644730092272
561,398,0.6546536707079772
561,471,0.46291004988627577
561,472,0.4364357804719848
561,502,0.3779644730092272
561,552,0.3779644730092272
561,567,0.5345224838248487
561,585,0.4364357804719848
561,599,0.3779644730092272
561,605,0.4364357804719848
561,660,0.3779644730092272
561,678,0.4364357804719848
561,722,0.5669467095138407
561,831,0.3779644730092272
562,32,0.5144957554275265
562,455,0.42640143271122083
562,456,0.816496580927726
562,459,0.4999999999999999
562,478,0.408248290463863
562,484,0.42640143271122083
562,485,0.408248290463863
562,491,0.5477225575051661
562,492,0.5477225575051661
562,493,0.408248290463863
562,512,0.408248290463863
562,515,0.4999999999999999
562,533,0.39223227027636803
562,542,0.408248290463863
562,567,0.4999999999999999
562,568,0.4999999999999999
562,614,0.6324555320336758
562,646,0.39223227027636803
562,647,0.4714045207910316
562,655,0.408248290463863
562,670,0.4999999999999999
562,673,0.4714045207910316
562,686,0.42640143271122083
562,878,0.408248290463863
562,925,0.408248290463863
562,926,0.4999999999999999
563,600,0.3779644730092272
563,660,0.5
564,35,0.41602514716892186
564,71,0.5
564,92,0.4082482904638631
564,99,0.43301270189221935
564,127,0.5773502691896258
564,142,0.5
564,344,0.6708203932499369
564,360,0.42874646285627205
564,422,0.5303300858899106
565,315,0.38729833462074176
565,316,0.44721359549995787
565,566,0.5163977794943223
565,596,0.4472135954999579
566,283,0.408248290463863
566,315,0.4166666666666668
566,316,0.48112522432468824
566,317,0.521749194749951
566,324,0.5222329678670936
566,338,0.5400617248673217
566,490,0.4330127018922194
566,552,0.4330127018922194
566,565,0.5163977794943223
567,32,0.6859943405700353
567,455,0.42640143271122083
567,456,0.408248290463863
567,459,0.4999999999999999
567,478,0.408248290463863
567,484,0.42640143271122083
567,485,0.408248290463863
567,491,0.5477225575051661
567,492,0.5477225575051661
567,493,0.408248290463863
567,512,0.408248290463863
567,515,0.4999999999999999
567,533,0.39223227027636803
567,542,0.408248290463863
567,560,0.5773502691896258
567,561,0.5345224838248487
567,562,0.4999999999999999
567,568,0.4999999999999999
567,595,0.4714045207910316
567,629,0.39391929857916763
567,646,0.39223227027636803
567,647,0.4714045207910316
567,655,0.408248290463863
567,673,0.4714045207910316
567,686,0.42640143271122083
567,878,0.408248290463863
567,926,0.4999999999999999
568,32,0.5144957554275265
568,455,0.42640143271122083
568,456,0.408248290463863
568,459,0.4999999999999999
568,478,0.408248290463863
568,484,0.42640143271122083
568,485,0.408248290463863
568,491,0.5477225575051661
568,492,0.5477225575051661
568,493,0.408248290463863
568,512,0.408248290463863
568,515,0.4999999999999999
568,533,0.39223227027636803
568,542,0.408248290463863
568,562,0.4999999999999999
568,567,0.4999999999999999
568,646,0.39223227027636803
568,647,0.4714045207910316
568,655,0.408248290463863
568,673,0.4714045207910316
568,686,0.42640143271122083
568,878,0.408248290463863
568,926,0.4999999999999999
569,161,0.4082482904638631
569,863,0.375
570,382,0.44543540318737396
570,613,0.40406101782088427
570,783,0.5345224838248488
570,784,0.4364357804719849
570,785,0.40406101782088427
570,897,0.3779644730092272
571,660,0.4472135954999579
572,65,0.48989794855663554
572,68,0.38729833462074176
572,99,0.3872983346207417
572,359,0.47434164902525683
572,360,0.4218307438660537
572,388,0.39999999999999997
572,781,0.38729833462074176
572,929,0.39999999999999997
572,930,0.39999999999999997
573,449,0.6123724356957946
576,560,0.5270462766947299
576,835,0.3892494720807615
576,925,0.5962847939999439
578,207,0.408248290463863
578,536,0.408248290463863
578,547,0.408248290463863
578,554,0.408248290463863
578,559,0.7071067811865475
578,605,0.408248290463863
578,612,0.408248290463863
578,620,0.408248290463863
578,749,0.5345224838248487
578,825,0.7071067811865475
579,173,0.408248290463863
579,926,0.408248290463863
582,31,0.46291004988627577
583,490,0.5
583,552,0.5
583,596,0.5
584,25,0.5773502691896258
584,34,0.5773502691896258
584,319,0.408248290463863
584,321,0.408248290463863
585,14,0.3849001794597505
585,17,0.5773502691896258
585,27,0.4364357804719848
585,36,0.3849001794597505
585,60,0.3849001794597505
585,92,0.4714045207910318
585,99,0.5000000000000001
585,100,0.4364357804719848
585,208,0.3849001794597505
585,283,0.408248290463863
585,343,0.4714045207910318
585,346,0.408248290463863
585,347,0.5773502691896258
585,358,0.4714045207910318
585,359,0.408248290463863
585,360,0.49507377148833714
585,364,0.408248290463863
585,383,0.408248290463863
585,398,0.6666666666666669
585,405,0.408248290463863
585,468,0.408248290463863
585,471,0.4714045207910318
585,490,0.5773502691896258
585,510,0.5163977794943223
585,544,0.5163977794943223
585,548,0.408248290463863
585,552,0.8660254037844388
585,561,0.4364357804719848
585,596,0.5773502691896258
585,598,0.408248290463863
585,599,0.5773502691896258
585,600,0.4364357804719848
585,615,0.4364357804719848
585,660,0.5773502691896258
585,678,0.6666666666666669
585,685,0.3849001794597505
585,722,0.5773502691896258
585,757,0.5163977794943223
585,758,0.3849001794597505
585,772,0.3849001794597505
585,826,0.4714045207910318
585,931,0.3849001794597505
585,932,0.4364357804719848
587,113,1.0
587,221,1.0
587,281,1.0
587,544,0.4472135954999579
587,852,0.4472135954999579
588,25,0.3779644730092272
588,34,0.3779644730092272
588,383,0.5345224838248487
588,660,0.3779644730092272
589,428,0.38729833462074165
589,491,0.3872983346207417
589,492,0.3872983346207417
589,596,0.5
589,646,0.41602514716892186
592,596,0.5
593,3,0.4364357804719849
593,65,0.37267799624996495
593,92,0.5000000000000001
593,99,0.4714045207910318
593,174,0.46291004988627577
593,323,0.4714045207910318
593,325,0.6123724356957946
593,326,0.5000000000000001
593,327,0.5000000000000001
593,328,0.408248290463863
593,329,0.6123724356957946
593,339,0.4082482904638631
593,360,0.42008402520840293
593,369,0.6123724356957946
593,384,0.46291004988627577
593,386,0.4082482904638631
593,405,0.5773502691896258
593,506,0.5477225575051662
593,602,0.4364357804719849
593,603,0.46291004988627577
593,741,0.4950737714883372
593,742,0.4950737714883372
593,743,0.4216370213557839
593,794,0.38729833462074176
593,836,0.4714045207910318
593,860,0.4082482904638631
593,911,0.5000000000000001
593,931,0.5443310539518174
593,932,0.6172133998483676
593,933,0.6123724356957946
594,397,0.40201512610368484
594,407,0.40451991747794525
595,82,0.5547001962252291
595,491,0.4303314829119352
595,492,0.4303314829119352
595,539,0.408248290463863
595,558,0.5039526306789696
595,560,0.408248290463863
595,567,0.4714045207910316
595,637,0.5039526306789696
595,711,0.40201512610368484
596,490,0.5
596,544,0.4472135954999579
596,552,0.5
596,565,0.4472135954999579
596,583,0.5
596,585,0.5773502691896258
596,589,0.5
596,592,0.5
596,932,0.3779644730092272
598,356,0.5345224838248487
598,383,0.4999999999999999
598,398,0.408248290463863
598,427,0.7071067811865475
598,585,0.408248290463863
598,660,0.7071067811865475
598,678,0.408248290463863
598,765,0.408248290463863
599,17,0.5
599,27,0.3779644730092272
599,92,0.4082482904638631
599,99,0.43301270189221935
599,100,0.3779644730092272
599,332,0.4743416490252569
599,339,0.5
599,343,0.4082482904638631
599,347,0.5
599,358,0.4082482904638631
599,360,0.42874646285627205
599,398,0.5773502691896258
599,471,0.4082482904638631
599,510,0.4472135954999579
599,552,0.5
599,561,0.3779644730092272
599,585,0.5773502691896258
599,600,0.3779644730092272
599,615,0.3779644730092272
599,660,0.5
599,678,0.5773502691896258
599,722,0.5
599,727,0.5
599,757,0.4472135954999579
599,772,0.5
599,826,0.4082482904638631
600,17,0.5669467095138407
600,27,0.4285714285714285
600,100,0.4285714285714285
600,104,0.3779644730092272
600,343,0.6172133998483676
600,347,0.3779644730092272
600,398,0.4364357804719848
600,427,0.3779644730092272
600,490,0.3779644730092272
600,510,0.5070925528371099
600,551,0.4008918628686365
600,552,0.5669467095138407
600,563,0.3779644730092272
600,585,0.4364357804719848
600,599,0.3779644730092272
600,660,0.3779644730092272
600,678,0.6546536707079772
600,722,0.3779644730092272
601,25,0.5
601,34,0.5
602,3,0.4285714285714286
602,65,0.4879500364742666
602,92,0.545544725589981
602,99,0.5400617248673217
602,141,0.40291148201269017
602,283,0.3779644730092272
602,314,0.4008918628686366
602,325,0.4008918628686366
602,326,0.43643578047198484
602,329,0.5345224838248488
602,338,0.4285714285714286
602,339,0.4008918628686366
602,341,0.42257712736425834
602,357,0.4008918628686366
602,359,0.3779644730092272
602,360,0.5041841733655161
602,364,0.3779644730092272
602,369,0.5345224838248488
602,386,0.5345224838248488
602,405,0.5669467095138409
602,503,0.5050762722761053
602,535,0.5976143046671968
602,546,0.47809144373375745
602,593,0.4364357804719849
602,605,0.4629100498862758
602,606,0.44543540318737396
602,615,0.40406101782088427
602,619,0.5345224838248488
602,720,0.4364357804719849
602,745,0.40406101782088427
602,836,0.4629100498862758
602,863,0.4008918628686366
602,903,0.4629100498862758
602,911,0.43643578047198484
602,912,0.40406101782088427
602,932,0.40406101782088427
602,933,0.4008918628686366
603,92,0.46291004988627577
603,99,0.4364357804719848
603,174,0.4285714285714285
603,320,0.4008918628686365
603,325,0.7559289460184544
603,326,0.46291004988627577
603,327,0.46291004988627577
603,328,0.5039526306789696
603,329,0.5669467095138407
603,339,0.3779644730092272
603,360,0.38892223413129856
603,369,0.5669467095138407
603,373,0.42257712736425823
603,375,0.4364357804719848
603,378,0.4008918628686365
603,384,0.4285714285714285
603,386,0.3779644730092272
603,396,0.46291004988627577
603,397,0.3779644730092272
603,405,0.5345224838248487
603,408,0.3779644730092272
603,593,0.46291004988627577
603,718,0.3779644730092272
603,743,0.3903600291794132
603,767,0.46291004988627577
603,770,0.46291004988627577
603,771,0.5669467095138407
603,774,0.4008918628686365
603,790,0.6761234037828131
603,794,0.5976143046671968
603,836,0.4364357804719848
603,911,0.6172133998483676
603,931,0.5039526306789696
603,932,0.4285714285714285
603,933,0.5669467095138407
605,3,0.4629100498862758
605,14,0.3849001794597505
605,27,0.4364357804719848
605,28,0.40824829046386313
605,65,0.5270462766947299
605,74,0.4364357804719848
605,83,0.408248290463863
605,92,0.4714045207910318
605,99,0.5000000000000001
605,208,0.3849001794597505
605,224,0.3849001794597505
605,283,0.408248290463863
605,314,0.5773502691896258
605,326,0.4714045207910318
605,328,0.3849001794597505
605,329,0.5773502691896258
605,338,0.4629100498862758
605,341,0.5477225575051662
605,344,0.5163977794943223
605,347,0.5773502691896258
605,352,0.4364357804719848
605,359,0.408248290463863
605,360,0.49507377148833714
605,364,0.408248290463863
605,369,0.5773502691896258
605,386,0.5773502691896258
605,398,0.6666666666666669
605,405,0.408248290463863
605,436,0.5163977794943223
605,502,0.5773502691896258
605,503,0.4364357804719848
605,535,0.5163977794943223
605,536,0.5000000000000001
605,543,0.5163977794943223
605,546,0.5163977794943223
605,548,0.408248290463863
605,551,0.408248290463863
605,559,0.5773502691896258
605,561,0.4364357804719848
605,578,0.408248290463863
605,602,0.4629100498862758
605,606,0.5773502691896258
605,619,0.5773502691896258
605,722,0.5773502691896258
605,745,0.6546536707079772
605,772,0.3849001794597505
605,792,0.4714045207910318
605,831,0.5773502691896258
605,911,0.4714045207910318
605,912,0.4364357804719848
605,916,0.3849001794597505
605,929,0.5163977794943223
606,29,0.408248290463863
606,65,0.4260064336151292
606,341,0.5270462766947299
606,398,0.3849001794597505
606,503,0.5039526306789696
606,535,0.7453559924999298
606,536,0.48112522432468824
606,546,0.5962847939999438
606,547,0.3849001794597505
606,554,0.3849001794597505
606,602,0.44543540318737396
606,605,0.5773502691896258
606,612,0.3849001794597505
606,619,0.6666666666666666
606,620,0.3849001794597505
606,624,0.4714045207910316
606,745,0.5039526306789696
606,789,0.4216370213557839
606,791,0.4216370213557839
606,910,0.5
606,912,0.5039526306789696
606,916,0.4444444444444444
607,860,0.4082482904638631
609,559,0.3779644730092272
610,28,0.372677996249965
610,29,0.38729833462074176
610,61,0.4242640687119285
610,111,0.6324555320336759
610,207,0.5477225575051662
610,535,0.4242640687119285
610,537,0.5163977794943223
610,557,0.5270462766947299
610,560,0.38729833462074176
610,611,0.4472135954999579
610,621,0.7378647873726218
610,624,0.4472135954999579
610,696,0.4242640687119285
610,745,0.4780914437337574
610,782,0.4242640687119285
610,784,0.38729833462074176
610,789,0.39999999999999997
610,904,0.6454972243679029
611,111,0.4714045207910316
611,207,0.6123724356957946
611,557,0.4714045207910316
611,610,0.4472135954999579
611,621,0.4714045207910316
611,696,0.47434164902525683
611,782,0.47434164902525683
611,784,0.43301270189221935
611,789,0.4472135954999579
611,904,0.7216878364870323
612,61,0.5163977794943223
612,72,0.408248290463863
612,133,0.408248290463863
612,161,0.4714045207910318
612,186,0.5773502691896258
612,224,0.3849001794597505
612,382,0.3849001794597505
612,535,0.5163977794943223
612,537,0.4714045207910318
612,546,0.5163977794943223
612,547,0.6666666666666669
612,554,0.6666666666666669
612,557,0.3849001794597505
612,559,0.5773502691896258
612,578,0.408248290463863
612,606,0.3849001794597505
612,618,0.408248290463863
612,619,0.5773502691896258
612,624,0.408248290463863
612,677,0.408248290463863
612,701,0.408248290463863
612,705,0.4364357804719848
612,709,0.5163977794943223
612,717,0.408248290463863
612,727,0.5773502691896258
612,825,0.5773502691896258
612,910,0.5773502691896258
612,912,0.4364357804719848
612,916,0.3849001794597505
613,19,0.545544725589981
613,382,0.5039526306789696
613,503,0.4285714285714285
613,559,0.3779644730092272
613,570,0.40406101782088427
613,620,0.4364357804719848
613,783,0.7559289460184544
613,784,0.6172133998483676
613,785,0.5714285714285713
613,786,0.46291004988627577
613,910,0.3779644730092272
613,915,0.3779644730092272
613,928,0.3706246583305506
614,456,0.5163977794943223
614,491,0.4618802153517006
614,492,0.4618802153517006
614,545,0.4472135954999579
614,562,0.6324555320336758
615,17,0.3779644730092272
615,19,0.4364357804719848
615,341,0.4780914437337574
615,347,0.3779644730092272
615,398,0.4364357804719848
615,552,0.3779644730092272
615,585,0.4364357804719848
615,599,0.3779644730092272
615,602,0.40406101782088427
615,660,0.3779644730092272
615,678,0.4364357804719848
615,720,0.46291004988627577
615,722,0.3779644730092272
615,860,0.3779644730092272
615,863,0.3779644730092272
615,887,0.4583492485141056
615,891,0.3903600291794132
615,903,0.4364357804719848
616,92,0.4082482904638631
616,99,0.43301270189221935
616,208,0.5
616,317,0.38729833462074165
616,338,0.4008918628686366
616,360,0.42874646285627205
616,633,0.5
618,72,0.37499999999999994
618,536,0.4082482904638631
618,547,0.408248290463863
618,554,0.408248290463863
618,612,0.408248290463863
618,791,0.4472135954999579
619,29,0.4082482904638631
619,61,0.4472135954999579
619,65,0.4564354645876384
619,74,0.3779644730092272
619,92,0.4082482904638631
619,99,0.43301270189221935
619,141,0.45226701686664544
619,161,0.4082482904638631
619,186,0.5
619,233,0.4743416490252569
619,314,0.5
619,326,0.4082482904638631
619,329,0.5
619,338,0.4008918628686366
619,341,0.4743416490252569
619,352,0.3779644730092272
619,360,0.42874646285627205
619,369,0.5
619,386,0.5
619,419,0.4472135954999579
619,436,0.4472135954999579
619,503,0.5669467095138407
619,535,0.8944271909999159
619,536,0.5773502691896258
619,537,0.4082482904638631
619,543,0.4472135954999579
619,546,0.8944271909999159
619,547,0.5773502691896258
619,554,0.5773502691896258
619,559,0.5
619,602,0.5345224838248488
619,605,0.5773502691896258
619,606,0.6666666666666666
619,612,0.5773502691896258
619,624,0.5303300858899106
619,709,0.4472135954999579
619,745,0.3779644730092272
619,789,0.6324555320336759
619,791,0.6324555320336759
619,792,0.4082482904638631
619,825,0.5
619,879,0.4008918628686366
619,910,0.5
619,911,0.4082482904638631
619,912,0.7559289460184544
619,916,0.6666666666666666
619,929,0.4472135954999579
620,29,0.4714045207910318
620,111,0.3849001794597505
620,173,0.408248290463863
620,503,0.4364357804719848
620,535,0.5163977794943223
620,557,0.3849001794597505
620,558,0.4364357804719848
620,559,0.5773502691896258
620,578,0.408248290463863
620,606,0.3849001794597505
620,613,0.4364357804719848
620,621,0.3849001794597505
620,624,0.408248290463863
620,745,0.4364357804719848
620,910,0.5773502691896258
620,926,0.408248290463863
621,28,0.5499719409228704
621,61,0.44721359549995787
621,111,0.6666666666666665
621,207,0.5773502691896258
621,537,0.5443310539518174
621,557,0.5555555555555555
621,560,0.408248290463863
621,610,0.7378647873726218
621,611,0.4714045207910316
621,620,0.3849001794597505
621,696,0.44721359549995787
621,703,0.502518907629606
621,706,0.4622501635210243
621,745,0.5039526306789696
621,782,0.44721359549995787
621,784,0.408248290463863
621,904,0.6804138174397717
622,559,0.3779644730092272
624,29,0.43301270189221935
624,161,0.43301270189221935
624,341,0.4472135954999579
624,503,0.4008918628686365
624,535,0.6324555320336758
624,537,0.43301270189221935
624,546,0.6324555320336758
624,547,0.6123724356957946
624,554,0.408248290463863
624,556,0.47434164902525683
624,606,0.4714045207910316
624,610,0.4472135954999579
624,612,0.408248290463863
624,619,0.5303300858899106
624,620,0.408248290463863
624,709,0.47434164902525683
624,845,0.43082021842766455
624,910,0.5303300858899106
624,911,0.43301270189221935
624,912,0.4008918628686365
625,29,0.43301270189221935
625,30,0.47434164902525683
625,61,0.47434164902525683
625,115,0.6249999999999999
625,537,0.43301270189221935
625,560,0.43301270189221935
625,703,0.6396021490668312
625,704,0.7826237921249264
625,745,0.4008918628686365
625,749,0.4008918628686365
625,835,0.533001790889026
625,904,0.43301270189221935
629,567,0.39391929857916763
631,118,0.5070925528371099
631,881,0.4409585518440984
631,893,0.4008918628686365
631,894,0.4008918628686365
633,92,0.4082482904638631
633,99,0.43301270189221935
633,208,0.5
633,317,0.38729833462074165
633,338,0.4008918628686366
633,360,0.42874646285627205
633,616,0.5
634,75,0.5
634,705,0.3779644730092272
637,82,0.4193139346887673
637,595,0.5039526306789696
637,711,0.45584230583855173
639,9,0.44721359549995787
639,36,0.4444444444444444
639,59,0.4303314829119351
639,60,0.4444444444444444
639,69,0.3849001794597505
639,417,0.3849001794597506
639,493,0.3849001794597505
639,688,0.6030226891555273
639,689,0.5039526306789696
639,690,0.502518907629606
639,692,0.408248290463863
639,695,0.5039526306789696
639,708,0.4216370213557839
639,748,0.40201512610368484
639,781,0.3849001794597506
640,109,0.492365963917331
644,481,0.3779644730092272
644,485,0.5773502691896258
644,491,0.3872983346207417
644,492,0.3872983346207417
644,515,0.5303300858899106
644,521,0.4082482904638631
644,533,0.41602514716892186
644,646,0.41602514716892186
644,647,0.5
645,663,0.408248290463863
646,32,0.4036036763977875
646,459,0.39223227027636803
646,478,0.4803844614152615
646,485,0.4803844614152615
646,491,0.4296689244236598
646,492,0.4296689244236598
646,515,0.39223227027636803
646,562,0.39223227027636803
646,567,0.39223227027636803
646,568,0.39223227027636803
646,589,0.41602514716892186
646,644,0.41602514716892186
646,647,0.46225016352102427
646,926,0.39223227027636803
647,32,0.48507125007266594
647,455,0.40201512610368484
647,456,0.3849001794597505
647,459,0.4714045207910316
647,475,0.44721359549995787
647,478,0.3849001794597505
647,481,0.3779644730092272
647,482,0.5
647,484,0.502518907629606
647,485,0.5773502691896258
647,491,0.5163977794943222
647,492,0.5163977794943222
647,493,0.3849001794597505
647,512,0.3849001794597505
647,515,0.4714045207910316
647,542,0.3849001794597505
647,562,0.4714045207910316
647,567,0.4714045207910316
647,568,0.4714045207910316
647,644,0.5
647,646,0.46225016352102427
647,655,0.3849001794597505
647,673,0.4444444444444444
647,686,0.40201512610368484
647,752,0.4
647,878,0.3849001794597505
647,924,0.5443310539518174
647,926,0.4714045207910316
648,48,0.4082482904638631
648,736,0.4714045207910318
649,181,0.3849001794597505
649,421,0.4714045207910316
650,835,0.40201512610368484
651,362,0.38729833462074176
655,32,0.420084025208403
655,230,0.5000000000000001
655,459,0.408248290463863
655,491,0.44721359549995804
655,492,0.44721359549995804
655,515,0.408248290463863
655,562,0.408248290463863
655,567,0.408248290463863
655,568,0.408248290463863
655,647,0.3849001794597505
655,673,0.3849001794597505
655,926,0.408248290463863
659,99,0.3872983346207417
659,141,0.5393598899705937
659,357,0.4472135954999579
659,360,0.38348249442368515
660,8,0.4082482904638631
660,17,0.5
660,27,0.3779644730092272
660,100,0.3779644730092272
660,343,0.4082482904638631
660,347,0.5
660,356,0.3779644730092272
660,358,0.4082482904638631
660,383,0.7071067811865475
660,398,0.5773502691896258
660,402,0.3779644730092272
660,427,0.5
660,431,0.3779644730092272
660,471,0.4082482904638631
660,490,0.5
660,510,0.4472135954999579
660,552,0.5
660,561,0.3779644730092272
660,563,0.5
660,571,0.4472135954999579
660,585,0.5773502691896258
660,588,0.3779644730092272
660,598,0.7071067811865475
660,599,0.5
660,600,0.3779644730092272
660,615,0.3779644730092272
660,665,0.5
660,678,0.5773502691896258
660,722,0.5
660,757,0.4472135954999579
660,765,0.5773502691896258
660,826,0.4082482904638631
661,19,0.4351941398892447
661,76,0.40451991747794525
661,558,0.45584230583855173
662,491,0.3872983346207417
662,492,0.3872983346207417
663,16,0.408248290463863
663,645,0.408248290463863
665,660,0.5
667,702,0.408248290463863
668,279,0.3721614637823934
670,456,0.408248290463863
670,562,0.4999999999999999
671,20,0.4583492485141056
671,35,0.4036036763977875
671,36,0.48507125007266594
671,41,0.38348249442368526
671,50,0.42874646285627205
671,51,0.38348249442368526
671,52,0.6063390625908325
671,60,0.48507125007266594
671,68,0.420084025208403
671,71,0.4042260417272216
671,92,0.39605901719066977
671,99,0.420084025208403
671,101,0.4950737714883372
671,167,0.39605901719066977
671,230,0.420084025208403
671,332,0.3834824944236852
671,359,0.5144957554275265
671,360,0.45753968194423655
671,361,0.39605901719066977
671,726,0.5423261445466404
671,754,0.4950737714883372
671,772,0.4042260417272216
671,792,0.4950737714883372
671,840,0.42874646285627205
672,701,0.408248290463863
672,717,0.408248290463863
672,727,0.5773502691896258
673,32,0.48507125007266594
673,455,0.40201512610368484
673,456,0.3849001794597505
673,459,0.4714045207910316
673,478,0.3849001794597505
673,484,0.40201512610368484
673,485,0.3849001794597505
673,491,0.5163977794943222
673,492,0.5163977794943222
673,493,0.3849001794597505
673,512,0.3849001794597505
673,515,0.4714045207910316
673,542,0.3849001794597505
673,558,0.3779644730092272
673,562,0.4714045207910316
673,567,0.4714045207910316
673,568,0.4714045207910316
673,647,0.4444444444444444
673,655,0.3849001794597505
673,686,0.40201512610368484
673,714,0.4714045207910316
673,878,0.3849001794597505
673,926,0.4714045207910316
677,61,0.47434164902525683
677,69,0.408248290463863
677,76,0.47434164902525683
677,161,0.43301270189221935
677,425,0.4008918628686365
677,547,0.408248290463863
677,554,0.6123724356957946
677,612,0.408248290463863
677,689,0.5345224838248487
677,792,0.43301270189221935
677,879,0.37796447300922725
677,910,0.5303300858899106
677,912,0.5345224838248487
677,915,0.5303300858899106
678,17,0.8660254037844388
678,27,0.6546536707079772
678,36,0.3849001794597505
678,60,0.3849001794597505
678,92,0.4714045207910318
678,99,0.5000000000000001
678,100,0.6546536707079772
678,208,0.3849001794597505
678,283,0.408248290463863
678,343,0.7071067811865477
678,346,0.408248290463863
678,347,0.5773502691896258
678,352,0.4364357804719848
678,358,0.4714045207910318
678,359,0.408248290463863
678,360,0.49507377148833714
678,364,0.408248290463863
678,383,0.408248290463863
678,398,0.6666666666666669
678,405,0.408248290463863
678,427,0.5773502691896258
678,468,0.408248290463863
678,471,0.4714045207910318
678,490,0.5773502691896258
678,510,0.7745966692414835
678,548,0.408248290463863
678,552,0.8660254037844388
678,561,0.4364357804719848
678,585,0.6666666666666669
678,598,0.408248290463863
678,599,0.5773502691896258
678,600,0.6546536707079772
678,615,0.4364357804719848
678,660,0.5773502691896258
678,685,0.3849001794597505
678,722,0.5773502691896258
678,757,0.5163977794943223
678,758,0.3849001794597505
678,772,0.3849001794597505
678,826,0.4714045207910318
678,862,0.408248290463863
678,892,0.4714045207910318
678,931,0.3849001794597505
681,11,0.4082482904638631
681,432,0.4082482904638631
681,439,0.4714045207910318
681,476,0.38729833462074176
681,491,0.42163702135578396
681,492,0.42163702135578396
681,860,0.6123724356957946
683,872,0.39999999999999997
685,398,0.3849001794597505
685,585,0.3849001794597505
685,678,0.3849001794597505
686,9,0.40451991747794525
686,32,0.4387634544762784
686,320,0.533001790889026
686,459,0.42640143271122083
686,491,0.4670993664969138
686,492,0.4670993664969138
686,515,0.42640143271122083
686,545,0.45226701686664544
686,562,0.42640143271122083
686,567,0.42640143271122083
686,568,0.42640143271122083
686,647,0.40201512610368484
686,673,0.40201512610368484
686,692,0.6154574548966638
686,926,0.42640143271122083
687,9,0.4242640687119285
687,692,0.38729833462074176
687,912,0.4780914437337574
688,9,0.40451991747794525
688,33,0.40201512610368484
688,36,0.502518907629606
688,42,0.43519413988924466
688,50,0.533001790889026
688,59,0.5449492609130661
688,60,0.502518907629606
688,76,0.40451991747794525
688,331,0.45226701686664544
688,416,0.40201512610368484
688,639,0.6030226891555273
688,689,0.6837634587578276
688,690,0.6363636363636365
688,695,0.5698028822981897
688,708,0.4767312946227962
688,781,0.4351941398892447
688,908,0.40201512610368484
689,36,0.5039526306789696
689,50,0.4008918628686365
689,52,0.3779644730092272
689,59,0.4879500364742665
689,60,0.5039526306789696
689,69,0.4364357804719848
689,76,0.5070925528371099
689,179,0.3779644730092272
689,331,0.3779644730092272
689,394,0.3779644730092272
689,416,0.3779644730092272
689,423,0.3779644730092272
689,425,0.4285714285714285
689,639,0.5039526306789696
689,677,0.5345224838248487
689,688,0.6837634587578276
689,690,0.5698028822981897
689,691,0.3779644730092272
689,695,0.5714285714285713
689,708,0.4780914437337574
689,712,0.3779644730092272
689,781,0.4364357804719848
689,908,0.3779644730092272
689,915,0.3779644730092272
690,9,0.40451991747794525
690,36,0.40201512610368484
690,59,0.3892494720807615
690,60,0.40201512610368484
690,639,0.502518907629606
690,688,0.6363636363636365
690,689,0.5698028822981897
690,695,0.45584230583855173
690,708,0.38138503569823695
691,29,0.4082482904638631
691,53,0.7071067811865475
691,76,0.4472135954999579
691,150,0.4082482904638631
691,154,0.4472135954999579
691,166,0.3779644730092272
691,179,1.0
691,181,0.5773502691896258
691,239,0.7071067811865475
691,352,0.3779644730092272
691,420,0.3779644730092272
691,421,0.7071067811865475
691,423,1.0
691,425,0.3779644730092272
691,495,0.3779644730092272
691,554,0.5773502691896258
691,689,0.3779644730092272
691,746,0.7071067811865475
691,800,0.4082482904638631
691,829,0.3779644730092272
691,830,0.4082482904638631
691,846,0.4082482904638631
691,858,0.5
691,905,0.4472135954999579
691,910,0.5
692,9,0.7302967433402215
692,52,0.4082482904638631
692,69,0.4714045207910318
692,320,0.5773502691896258
692,545,0.4082482904638631
692,639,0.408248290463863
692,686,0.6154574548966638
692,687,0.38729833462074176
692,712,0.408248290463863
692,915,0.4082482904638631
693,716,0.7071067811865475
693,780,0.4999999999999999
694,727,0.41702882811414954
695,25,0.3779644730092272
695,34,0.3779644730092272
695,36,0.5039526306789696
695,50,0.4008918628686365
695,52,0.3779644730092272
695,59,0.4879500364742665
695,60,0.5039526306789696
695,69,0.4364357804719848
695,331,0.3779644730092272
695,639,0.5039526306789696
695,688,0.5698028822981897
695,689,0.5714285714285713
695,690,0.45584230583855173
695,708,0.4780914437337574
695,781,0.4364357804719848
695,915,0.3779644730092272
696,111,0.44721359549995787
696,207,0.7745966692414835
696,382,0.44721359549995787
696,557,0.44721359549995787
696,559,0.4472135954999579
696,610,0.4242640687119285
696,611,0.47434164902525683
696,621,0.44721359549995787
696,782,0.6
696,784,0.5477225575051662
696,789,0.4242640687119285
696,904,0.5477225575051662
698,700,0.4999999999999999
699,727,0.5
700,698,0.4999999999999999
700,706,0.39223227027636803
700,708,0.4472135954999579
701,333,0.408248290463863
701,457,0.408248290463863
701,612,0.408248290463863
701,672,0.408248290463863
701,717,0.4999999999999999
701,727,0.7071067811865475
702,667,0.408248290463863
703,14,0.40201512610368484
703,28,0.42640143271122094
703,30,0.40451991747794525
703,59,0.3892494720807615
703,61,0.40451991747794525
703,115,0.533001790889026
703,621,0.502518907629606
703,625,0.6396021490668312
703,704,0.762770071396474
703,706,0.5017452060042545
703,707,0.502518907629606
703,835,0.5454545454545455
703,904,0.492365963917331
704,14,0.4216370213557839
704,29,0.38729833462074176
704,30,0.4242640687119285
704,61,0.4242640687119285
704,115,0.5590169943749475
704,537,0.38729833462074176
704,560,0.38729833462074176
704,625,0.7826237921249264
704,703,0.762770071396474
704,835,0.5720775535473555
704,904,0.5163977794943223
705,75,0.3779644730092272
705,354,0.3779644730092272
705,559,0.3779644730092272
705,612,0.4364357804719848
705,634,0.3779644730092272
705,708,0.4780914437337574
705,727,0.3779644730092272
705,825,0.3779644730092272
706,28,0.39223227027636814
706,61,0.3721042037676254
706,621,0.4622501635210243
706,700,0.39223227027636803
706,703,0.5017452060042545
706,708,0.43852900965351466
706,745,0.4193139346887673
706,879,0.37062465833055064
706,904,0.45291081365783836
707,29,0.408248290463863
707,30,0.44721359549995787
707,59,0.4303314829119351
707,115,0.4714045207910316
707,394,0.4444444444444444
707,402,0.3779644730092272
707,418,0.3779644730092272
707,703,0.502518907629606
707,748,0.40201512610368484
707,749,0.3779644730092272
707,781,0.3849001794597506
708,36,0.4216370213557839
708,59,0.48989794855663554
708,60,0.4216370213557839
708,639,0.4216370213557839
708,688,0.4767312946227962
708,689,0.4780914437337574
708,690,0.38138503569823695
708,695,0.4780914437337574
708,700,0.4472135954999579
708,705,0.4780914437337574
708,706,0.43852900965351466
709,1,0.39999999999999997
709,40,0.39999999999999997
709,61,0.39999999999999997
709,161,0.5477225575051662
709,186,0.4472135954999579
709,491,0.4618802153517006
709,492,0.4618802153517006
709,535,0.39999999999999997
709,537,0.5477225575051662
709,546,0.39999999999999997
709,547,0.5163977794943223
709,554,0.5163977794943223
709,556,0.39999999999999997
709,559,0.4472135954999579
709,612,0.5163977794943223
709,619,0.4472135954999579
709,624,0.47434164902525683
709,825,0.4472135954999579
709,910,0.4472135954999579
710,3,0.3779644730092272
710,16,0.408248290463863
710,68,0.408248290463863
710,75,0.7071067811865475
710,330,0.4999999999999999
710,349,0.408248290463863
710,712,0.4714045207910316
710,843,0.408248290463863
710,855,0.7071067811865475
711,595,0.40201512610368484
711,637,0.45584230583855173
712,20,0.3779644730092272
712,69,0.3849001794597505
712,76,0.44721359549995787
712,425,0.3779644730092272
712,689,0.3779644730092272
712,692,0.408248290463863
712,710,0.4714045207910316
713,392,0.4472135954999579
714,375,0.408248290463863
714,378,0.4999999999999999
714,673,0.4714045207910316
714,767,0.5773502691896258
714,770,0.5773502691896258
715,75,0.4472135954999579
715,133,0.6324555320336758
715,825,0.4472135954999579
716,693,0.7071067811865475
716,780,0.7071067811865475
717,333,0.408248290463863
717,457,0.408248290463863
717,612,0.408248290463863
717,672,0.408248290463863
717,701,0.4999999999999999
717,727,0.7071067811865475
717,928,0.5547001962252291
718,603,0.3779644730092272
718,767,0.4082482904638631
718,770,0.4082482904638631
720,341,0.38729833462074176
720,602,0.4364357804719849
720,615,0.46291004988627577
720,863,0.4082482904638631
720,877,0.4082482904638631
720,887,0.4950737714883372
720,891,0.42163702135578396
720,903,0.4714045207910318
721,359,0.408248290463863
721,361,0.4714045207910318
722,3,0.4008918628686366
722,17,0.5
722,27,0.5669467095138407
722,92,0.4082482904638631
722,99,0.43301270189221935
722,100,0.3779644730092272
722,343,0.4082482904638631
722,344,0.4472135954999579
722,347,1.0
722,358,0.4082482904638631
722,360,0.42874646285627205
722,398,0.8660254037844388
722,471,0.4082482904638631
722,510,0.4472135954999579
722,552,0.5
722,561,0.5669467095138407
722,585,0.5773502691896258
722,599,0.5
722,600,0.3779644730092272
722,605,0.5773502691896258
722,615,0.3779644730092272
722,660,0.5
722,678,0.5773502691896258
722,745,0.3779644730092272
722,757,0.4472135954999579
722,826,0.4082482904638631
722,831,0.5
723,92,0.4082482904638631
723,99,0.43301270189221935
723,360,0.42874646285627205
724,727,0.4082482904638631
726,9,0.39999999999999997
726,20,0.6761234037828131
726,23,0.39999999999999997
726,35,0.4961389383568338
726,36,0.5962847939999438
726,41,0.565685424949238
726,46,0.5163977794943223
726,50,0.6324555320336758
726,51,0.565685424949238
726,52,0.8944271909999159
726,54,0.4767312946227961
726,55,0.4472135954999579
726,56,0.4780914437337575
726,60,0.5962847939999438
726,64,0.4242640687119285
726,68,0.5163977794943223
726,69,0.5163977794943223
726,71,0.5962847939999438
726,73,0.4216370213557839
726,76,0.39999999999999997
726,99,0.3872983346207417
726,101,0.7302967433402215
726,359,0.6324555320336758
726,360,0.4601789933084222
726,361,0.5477225575051662
726,412,0.3721042037676254
726,436,0.39999999999999997
726,671,0.5423261445466404
726,739,0.47434164902525683
726,754,0.7302967433402215
726,781,0.5163977794943223
726,792,0.7302967433402215
726,840,0.6324555320336758
726,912,0.5070925528371099
726,915,0.4472135954999579
726,929,0.39999999999999997
726,931,0.44721359549995787
726,933,0.4472135954999579
727,333,0.5773502691896258
727,334,0.4082482904638631
727,339,0.5
727,457,0.5773502691896258
727,599,0.5
727,612,0.5773502691896258
727,672,0.5773502691896258
727,694,0.41702882811414954
727,699,0.5
727,701,0.7071067811865475
727,705,0.3779644730092272
727,717,0.7071067811865475
727,724,0.4082482904638631
729,767,0.4216370213557839
729,770,0.4216370213557839
730,556,0.40451991747794525
731,92,0.4082482904638631
731,99,0.43301270189221935
731,317,0.38729833462074165
731,338,0.4008918628686366
731,339,0.5
731,360,0.42874646285627205
731,772,0.5
733,334,0.38729833462074176
736,86,0.4364357804719847
736,182,0.408248290463863
736,219,0.4364357804719847
736,294,0.4714045207910318
736,524,0.3849001794597505
736,648,0.4714045207910318
736,822,0.408248290463863
736,857,0.5163977794943223
737,327,0.43301270189221935
737,368,0.47434164902525683
737,374,0.37499999999999994
737,384,0.4008918628686365
737,407,0.47434164902525683
737,766,0.37499999999999994
737,768,0.37796447300922725
737,801,0.49999999999999994
737,807,0.5345224838248487
737,913,0.554700196225229
738,19,0.566946709513841
738,475,0.3903600291794133
738,477,0.4364357804719848
738,887,0.3704792868174742
738,891,0.39440531887330776
739,20,0.4008918628686365
739,50,0.37499999999999994
739,52,0.5303300858899106
739,69,0.408248290463863
739,101,0.5773502691896258
739,726,0.47434164902525683
739,754,0.43301270189221935
739,792,0.43301270189221935
739,840,0.37499999999999994
740,743,0.4670993664969138
741,326,0.39605901719066977
741,327,0.39605901719066977
741,328,0.4042260417272216
741,384,0.4583492485141056
741,407,0.4338609156373123
741,593,0.4950737714883372
741,742,1.0
741,743,0.37573457465108967
741,911,0.39605901719066977
741,931,0.5659164584181102
742,326,0.39605901719066977
742,327,0.39605901719066977
742,328,0.4042260417272216
742,384,0.4583492485141056
742,407,0.4338609156373123
742,593,0.4950737714883372
742,741,1.0
742,743,0.37573457465108967
742,911,0.39605901719066977
742,931,0.5659164584181102
743,325,0.38729833462074165
743,329,0.38729833462074165
743,369,0.38729833462074165
743,593,0.4216370213557839
743,603,0.3903600291794132
743,740,0.4670993664969138
743,741,0.37573457465108967
743,742,0.37573457465108967
743,931,0.4303314829119351
743,933,0.38729833462074165
744,414,0.4199819515766668
745,3,0.40406101782088427
745,28,0.44543540318737396
745,61,0.5070925528371099
745,65,0.4140393356054125
745,111,0.5039526306789696
745,115,0.4008918628686365
745,314,0.3779644730092272
745,329,0.3779644730092272
745,341,0.4780914437337574
745,347,0.3779644730092272
745,369,0.3779644730092272
745,386,0.3779644730092272
745,398,0.4364357804719848
745,502,0.3779644730092272
745,503,0.4285714285714285
745,535,0.5070925528371099
745,537,0.46291004988627577
745,557,0.3779644730092272
745,559,0.3779644730092272
745,560,0.46291004988627577
745,602,0.40406101782088427
745,605,0.6546536707079772
745,606,0.5039526306789696
745,610,0.4780914437337574
745,619,0.3779644730092272
745,620,0.4364357804719848
745,621,0.5039526306789696
745,625,0.4008918628686365
745,706,0.4193139346887673
745,722,0.3779644730092272
745,831,0.3779644730092272
745,879,0.40406101782088427
745,904,0.46291004988627577
745,910,0.3779644730092272
746,53,0.4999999999999999
746,179,0.7071067811865475
746,181,0.408248290463863
746,239,0.4999999999999999
746,421,0.4999999999999999
746,423,0.7071067811865475
746,554,0.408248290463863
746,691,0.7071067811865475
748,33,0.502518907629606
748,59,0.3892494720807615
748,402,0.45584230583855173
748,410,0.5222329678670936
748,639,0.40201512610368484
748,707,0.40201512610368484
749,14,0.3779644730092272
749,29,0.46291004988627577
749,30,0.5070925528371099
749,62,0.5976143046671968
749,75,0.3779644730092272
749,115,0.4008918628686365
749,442,0.4364357804719848
749,503,0.4285714285714285
749,536,0.4364357804719848
749,559,0.3779644730092272
749,578,0.5345224838248487
749,625,0.4008918628686365
749,707,0.3779644730092272
749,783,0.3779644730092272
749,825,0.5669467095138407
749,835,0.45584230583855173
749,909,0.38892223413129856
749,915,0.3779644730092272
749,917,0.45584230583855173
750,9,0.39999999999999997
752,647,0.4
753,321,0.4714045207910316
754,20,0.6172133998483676
754,35,0.45291081365783836
754,36,0.5443310539518174
754,41,0.5163977794943223
754,46,0.4714045207910318
754,50,0.5773502691896258
754,51,0.5163977794943223
754,52,0.8164965809277261
754,54,0.4351941398892446
754,55,0.4082482904638631
754,56,0.4364357804719849
754,60,0.5443310539518174
754,64,0.38729833462074176
754,68,0.4714045207910318
754,69,0.4714045207910318
754,71,0.5443310539518174
754,73,0.3849001794597506
754,101,0.8333333333333336
754,359,0.5773502691896258
754,360,0.42008402520840293
754,361,0.5000000000000001
754,671,0.4950737714883372
754,726,0.7302967433402215
754,739,0.43301270189221935
754,771,0.4082482904638631
754,781,0.4714045207910318
754,792,0.6666666666666669
754,840,0.5773502691896258
754,912,0.46291004988627577
754,915,0.4082482904638631
754,931,0.408248290463863
756,217,0.3779644730092272
756,373,0.44721359549995787
756,375,0.3849001794597505
756,767,0.5443310539518174
756,770,0.5443310539518174
756,775,0.41666666666666663
757,17,0.4472135954999579
757,99,0.3872983346207417
757,347,0.4472135954999579
757,360,0.38348249442368515
757,398,0.5163977794943223
757,471,0.5477225575051662
757,472,0.5163977794943223
757,510,0.39999999999999997
757,552,0.4472135954999579
757,585,0.5163977794943223
757,599,0.4472135954999579
757,660,0.4472135954999579
757,678,0.5163977794943223
757,722,0.4472135954999579
757,765,0.5163977794943223
758,2,0.408248290463863
758,92,0.408248290463863
758,99,0.3849001794597505
758,174,0.3779644730092272
758,327,0.408248290463863
758,332,0.4216370213557839
758,388,0.44721359549995787
758,394,0.4444444444444444
758,398,0.3849001794597505
758,405,0.4714045207910316
758,442,0.3849001794597506
758,495,0.3779644730092272
758,585,0.3849001794597505
758,678,0.3849001794597505
758,794,0.4216370213557839
758,801,0.3928371006591931
758,807,0.3779644730092272
758,836,0.3849001794597505
758,930,0.44721359549995787
758,931,0.4444444444444444
758,932,0.3779644730092272
760,230,0.5000000000000001
761,92,0.4082482904638631
761,99,0.43301270189221935
761,360,0.42874646285627205
764,391,0.4472135954999579
764,403,0.4472135954999579
765,383,0.408248290463863
765,471,0.4714045207910318
765,598,0.408248290463863
765,660,0.5773502691896258
765,757,0.5163977794943223
766,20,0.4008918628686365
766,69,0.408248290463863
766,737,0.37499999999999994
767,38,0.4082482904638631
767,373,0.7302967433402215
767,375,0.7071067811865477
767,378,0.7216878364870323
767,389,0.5163977794943223
767,397,0.408248290463863
767,603,0.46291004988627577
767,714,0.5773502691896258
767,718,0.4082482904638631
767,729,0.4216370213557839
767,756,0.5443310539518174
767,770,1.0000000000000002
767,771,0.4082482904638631
767,775,0.6123724356957946
767,848,0.42135048580019224
768,1,0.4780914437337575
768,14,0.5345224838248488
768,65,0.3903600291794133
768,326,0.4364357804719849
768,327,0.5455447255899811
768,329,0.4008918628686366
768,369,0.4008918628686366
768,386,0.4008918628686366
768,388,0.4780914437337575
768,405,0.3779644730092272
768,442,0.38575837490522985
768,495,0.5050762722761053
768,737,0.37796447300922725
768,913,0.5241424183609592
768,930,0.4780914437337575
768,932,0.40406101782088427
770,38,0.4082482904638631
770,373,0.7302967433402215
770,375,0.7071067811865477
770,378,0.7216878364870323
770,389,0.5163977794943223
770,397,0.408248290463863
770,603,0.46291004988627577
770,714,0.5773502691896258
770,718,0.4082482904638631
770,729,0.4216370213557839
770,756,0.5443310539518174
770,767,1.0000000000000002
770,771,0.4082482904638631
770,775,0.6123724356957946
770,848,0.42135048580019224
771,37,0.4472135954999579
771,92,0.4082482904638631
771,99,0.43301270189221935
771,101,0.4082482904638631
771,317,0.38729833462074165
771,338,0.4008918628686366
771,360,0.42874646285627205
771,396,0.6123724356957946
771,397,0.5
771,408,0.5
771,603,0.5669467095138407
771,754,0.4082482904638631
771,767,0.4082482904638631
771,770,0.4082482904638631
772,65,0.42600643361512913
772,68,0.3849001794597505
772,92,0.5443310539518174
772,99,0.5773502691896257
772,141,0.40201512610368484
772,208,0.4444444444444444
772,283,0.4714045207910316
772,315,0.3849001794597506
772,317,0.5163977794943222
772,332,0.7378647873726218
772,338,0.44543540318737396
772,339,0.6666666666666666
772,349,0.3849001794597505
772,359,0.4714045207910316
772,360,0.5716619504750293
772,364,0.4714045207910316
772,366,0.3849001794597505
772,385,0.408248290463863
772,398,0.3849001794597505
772,405,0.4714045207910316
772,449,0.3849001794597505
772,472,0.3849001794597505
772,585,0.3849001794597505
772,599,0.5
772,605,0.3849001794597505
772,671,0.4042260417272216
772,678,0.3849001794597505
772,731,0.5
772,836,0.3849001794597505
772,903,0.3849001794597505
773,80,0.4472135954999579
773,368,0.39999999999999997
773,794,0.4242640687119285
774,396,0.43301270189221935
774,603,0.4008918628686365
775,373,0.4472135954999579
775,375,0.4330127018922194
775,378,0.44194173824159216
775,756,0.41666666666666663
775,767,0.6123724356957946
775,770,0.6123724356957946
775,913,0.4902903378454601
776,207,0.420084025208403
778,29,0.39605901719066977
778,442,0.42008402520840304
778,842,0.4042260417272216
778,913,0.42808634473904467
778,918,0.4042260417272216
779,928,0.4803844614152615
780,523,0.7071067811865475
780,693,0.4999999999999999
780,716,0.7071067811865475
781,20,0.545544725589981
781,23,0.38729833462074176
781,28,0.4762896722078403
781,35,0.4003203845127179
781,36,0.5773502691896258
781,46,0.4166666666666668
781,50,0.5103103630798288
781,51,0.45643546458763845
781,52,0.5773502691896258
781,54,0.4923659639173309
781,59,0.521749194749951
781,60,0.5773502691896258
781,71,0.3849001794597506
781,73,0.6123724356957947
781,76,0.38729833462074176
781,101,0.4714045207910318
781,359,0.408248290463863
781,388,0.38729833462074176
781,572,0.38729833462074176
781,639,0.3849001794597506
781,688,0.4351941398892447
781,689,0.4364357804719848
781,695,0.4364357804719848
781,707,0.3849001794597506
781,726,0.5163977794943223
781,754,0.4714045207910318
781,792,0.5892556509887897
781,840,0.4082482904638631
781,912,0.4364357804719848
781,915,0.4330127018922194
781,929,0.38729833462074176
781,930,0.38729833462074176
782,62,0.4242640687119285
782,111,0.44721359549995787
782,207,0.7745966692414835
782,382,0.5962847939999438
782,557,0.44721359549995787
782,559,0.4472135954999579
782,610,0.4242640687119285
782,611,0.47434164902525683
782,621,0.44721359549995787
782,696,0.6
782,783,0.4472135954999579
782,784,0.7302967433402215
782,789,0.4242640687119285
782,904,0.5477225575051662
782,915,0.4472135954999579
782,929,0.39999999999999997
783,19,0.4330127018922194
783,62,0.4743416490252569
783,89,0.4082482904638631
783,382,0.6666666666666666
783,503,0.3779644730092272
783,559,0.5
783,570,0.5345224838248488
783,613,0.7559289460184544
783,749,0.3779644730092272
783,782,0.4472135954999579
783,784,0.8164965809277261
783,785,0.7559289460184544
783,786,0.6123724356957946
783,789,0.4743416490252569
783,792,0.4082482904638631
783,912,0.3779644730092272
783,915,0.5
783,928,0.4902903378454601
783,929,0.4472135954999579
784,62,0.38729833462074176
784,111,0.408248290463863
784,207,0.7071067811865477
784,382,0.816496580927726
784,557,0.408248290463863
784,559,0.4082482904638631
784,570,0.4364357804719849
784,610,0.38729833462074176
784,611,0.43301270189221935
784,613,0.6172133998483676
784,621,0.408248290463863
784,696,0.5477225575051662
784,782,0.7302967433402215
784,783,0.8164965809277261
784,785,0.6172133998483676
784,786,0.5000000000000001
784,789,0.6454972243679029
784,904,0.5000000000000001
784,915,0.4082482904638631
784,928,0.4003203845127179
785,89,0.46291004988627577
785,382,0.5039526306789696
785,559,0.3779644730092272
785,570,0.40406101782088427
785,613,0.5714285714285713
785,783,0.7559289460184544
785,784,0.6172133998483676
785,786,0.46291004988627577
785,915,0.3779644730092272
785,916,0.3779644730092272
785,928,0.3706246583305506
786,62,0.38729833462074176
786,382,0.408248290463863
786,559,0.4082482904638631
786,613,0.46291004988627577
786,783,0.6123724356957946
786,784,0.5000000000000001
786,785,0.46291004988627577
786,915,0.4082482904638631
788,99,0.3872983346207417
788,360,0.38348249442368515
788,388,0.39999999999999997
788,918,0.44721359549995787
788,930,0.39999999999999997
789,207,0.5477225575051662
789,382,0.6324555320336759
789,503,0.4780914437337574
789,535,0.565685424949238
789,536,0.45643546458763845
789,546,0.565685424949238
789,557,0.4216370213557839
789,606,0.4216370213557839
789,610,0.39999999999999997
789,611,0.4472135954999579
789,619,0.6324555320336759
789,696,0.4242640687119285
789,782,0.4242640687119285
789,783,0.4743416490252569
789,784,0.6454972243679029
789,791,0.39999999999999997
789,825,0.4743416490252569
789,850,0.39999999999999997
789,904,0.38729833462074176
789,912,0.4780914437337574
789,916,0.4216370213557839
790,1,0.39999999999999997
790,92,0.5477225575051662
790,93,0.39999999999999997
790,99,0.5163977794943223
790,174,0.5070925528371099
790,325,0.6708203932499369
790,328,0.44721359549995787
790,329,0.4472135954999579
790,339,0.4472135954999579
790,360,0.4601789933084222
790,368,0.6
790,369,0.4472135954999579
790,373,0.5
790,374,0.47434164902525683
790,384,0.5070925528371099
790,386,0.4472135954999579
790,387,0.4338609156373123
790,388,0.39999999999999997
790,405,0.6324555320336758
790,407,0.6
790,442,0.38729833462074176
790,556,0.39999999999999997
790,603,0.6761234037828131
790,794,0.8485281374238571
790,807,0.5070925528371099
790,836,0.5163977794943223
790,911,0.7302967433402215
790,930,0.39999999999999997
790,931,0.44721359549995787
790,933,0.4472135954999579
791,29,0.38729833462074176
791,535,0.565685424949238
791,536,0.5477225575051662
791,546,0.565685424949238
791,606,0.4216370213557839
791,618,0.4472135954999579
791,619,0.6324555320336759
791,789,0.39999999999999997
791,912,0.4780914437337574
791,916,0.4216370213557839
791,929,0.4242640687119285
792,20,0.6172133998483676
792,35,0.45291081365783836
792,36,0.5443310539518174
792,41,0.5163977794943223
792,46,0.4714045207910318
792,50,0.5773502691896258
792,51,0.5163977794943223
792,52,0.8164965809277261
792,54,0.4351941398892446
792,55,0.4082482904638631
792,56,0.4364357804719849
792,60,0.5443310539518174
792,62,0.38729833462074176
792,64,0.38729833462074176
792,65,0.37267799624996495
792,68,0.4714045207910318
792,69,0.4714045207910318
792,71,0.5443310539518174
792,73,0.48112522432468824
792,76,0.5477225575051662
792,101,0.6666666666666669
792,314,0.4082482904638631
792,329,0.4082482904638631
792,359,0.5773502691896258
792,360,0.42008402520840293
792,361,0.5000000000000001
792,369,0.4082482904638631
792,386,0.4082482904638631
792,436,0.5477225575051662
792,503,0.46291004988627577
792,559,0.4082482904638631
792,605,0.4714045207910318
792,619,0.4082482904638631
792,671,0.4950737714883372
792,677,0.43301270189221935
792,726,0.7302967433402215
792,739,0.43301270189221935
792,754,0.6666666666666669
792,781,0.5892556509887897
792,783,0.4082482904638631
792,840,0.5773502691896258
792,879,0.5455447255899811
792,912,0.7715167498104596
792,915,0.8164965809277261
792,916,0.408248290463863
792,917,0.492365963917331
792,929,0.7302967433402215
792,931,0.408248290463863
794,1,0.4242640687119285
794,2,0.38729833462074176
794,92,0.5163977794943223
794,93,0.4242640687119285
794,99,0.4564354645876385
794,174,0.5976143046671968
794,325,0.6324555320336759
794,326,0.38729833462074176
794,327,0.38729833462074176
794,328,0.4216370213557839
794,329,0.4743416490252569
794,339,0.4743416490252569
794,360,0.3796283011826483
794,368,0.7071067811865476
794,369,0.4743416490252569
794,374,0.4472135954999579
794,384,0.4780914437337574
794,386,0.4743416490252569
794,387,0.4601789933084223
794,388,0.4242640687119285
794,405,0.6708203932499369
794,407,0.565685424949238
794,556,0.4242640687119285
794,593,0.38729833462074176
794,603,0.5976143046671968
794,758,0.4216370213557839
794,773,0.4242640687119285
794,790,0.8485281374238571
794,807,0.4780914437337574
794,836,0.5477225575051662
794,911,0.6454972243679029
794,913,0.3721042037676254
794,930,0.4242640687119285
794,931,0.5270462766947299
794,933,0.4743416490252569
795,903,0.408248290463863
796,321,0.4999999999999999
798,500,0.9999999999999999
800,179,0.4082482904638631
800,423,0.4082482904638631
800,691,0.4082482904638631
801,46,0.40824829046386313
801,51,0.372677996249965
801,217,0.44543540318737396
801,327,0.48112522432468824
801,388,0.4216370213557839
801,394,0.3928371006591931
801,407,0.4216370213557839
801,495,0.44543540318737396
801,737,0.49999999999999994
801,758,0.3928371006591931
801,807,0.44543540318737396
801,808,0.447213595499958
801,842,0.3928371006591931
801,913,0.41602514716892186
801,930,0.4216370213557839
806,393,0.5
807,1,0.5070925528371099
807,2,0.46291004988627577
807,3,0.40406101782088427
807,92,0.46291004988627577
807,99,0.4364357804719848
807,174,0.4285714285714285
807,325,0.3779644730092272
807,326,0.46291004988627577
807,327,0.46291004988627577
807,328,0.5039526306789696
807,329,0.3779644730092272
807,331,0.3779644730092272
807,339,0.3779644730092272
807,360,0.38892223413129856
807,368,0.5070925528371099
807,369,0.3779644730092272
807,374,0.5345224838248487
807,384,0.5714285714285713
807,386,0.3779644730092272
807,387,0.4583492485141056
807,397,0.3779644730092272
807,405,0.5345224838248487
807,407,0.6761234037828131
807,737,0.5345224838248487
807,758,0.3779644730092272
807,790,0.5070925528371099
807,794,0.4780914437337574
807,801,0.44543540318737396
807,828,0.3779644730092272
807,836,0.4364357804719848
807,911,0.46291004988627577
807,913,0.3706246583305506
807,931,0.3779644730092272
807,933,0.3779644730092272
808,29,0.5163977794943223
808,327,0.38729833462074176
808,421,0.4472135954999579
808,801,0.447213595499958
808,813,0.39528470752104744
808,835,0.38138503569823695
808,839,0.4216370213557839
808,913,0.3721042037676254
811,37,0.4242640687119285
811,38,0.4743416490252569
811,199,0.4216370213557839
811,227,0.38729833462074176
811,421,0.4472135954999579
812,391,0.4082482904638631
812,403,0.4082482904638631
813,808,0.39528470752104744
815,160,0.7071067811865475
817,447,0.3721042037676254
818,7,0.4082482904638631
822,736,0.408248290463863
824,86,0.4008918628686365
825,61,0.4472135954999579
825,75,0.5
825,161,0.4082482904638631
825,186,0.5
825,503,0.3779644730092272
825,535,0.4472135954999579
825,536,0.5773502691896258
825,537,0.4082482904638631
825,546,0.4472135954999579
825,547,0.5773502691896258
825,554,0.5773502691896258
825,559,0.5
825,578,0.7071067811865475
825,612,0.5773502691896258
825,619,0.5
825,705,0.3779644730092272
825,709,0.4472135954999579
825,715,0.4472135954999579
825,749,0.5669467095138407
825,789,0.4743416490252569
825,910,0.5
825,912,0.3779644730092272
826,17,0.4082482904638631
826,25,0.4082482904638631
826,27,0.46291004988627577
826,34,0.4082482904638631
826,104,0.4082482904638631
826,347,0.4082482904638631
826,398,0.4714045207910318
826,468,0.43301270189221935
826,552,0.4082482904638631
826,585,0.4714045207910318
826,599,0.4082482904638631
826,660,0.4082482904638631
826,678,0.4714045207910318
826,722,0.4082482904638631
826,831,0.4082482904638631
828,1,0.4472135954999579
828,189,0.4082482904638631
828,326,0.4082482904638631
828,327,0.4082482904638631
828,330,0.7071067811865475
828,331,0.5
828,384,0.3779644730092272
828,407,0.4472135954999579
828,807,0.3779644730092272
828,901,0.4082482904638631
829,179,0.3779644730092272
829,181,0.4364357804719848
829,421,0.5345224838248487
829,423,0.3779644730092272
829,691,0.3779644730092272
829,839,0.3779644730092272
830,172,0.372677996249965
830,179,0.4082482904638631
830,181,0.4714045207910318
830,421,0.5773502691896258
830,423,0.4082482904638631
830,691,0.4082482904638631
830,839,0.408248290463863
831,3,0.4008918628686366
831,27,0.5669467095138407
831,92,0.6123724356957946
831,93,0.4472135954999579
831,98,0.4082482904638631
831,99,0.5773502691896258
831,344,0.4472135954999579
831,347,0.5
831,360,0.5144957554275265
831,365,0.4472135954999579
831,396,0.4082482904638631
831,398,0.5773502691896258
831,408,0.5
831,536,0.4330127018922194
831,561,0.3779644730092272
831,605,0.5773502691896258
831,722,0.5
831,745,0.3779644730092272
831,826,0.4082482904638631
835,30,0.40451991747794525
835,576,0.3892494720807615
835,625,0.533001790889026
835,650,0.40201512610368484
835,703,0.5454545454545455
835,704,0.5720775535473555
835,749,0.45584230583855173
835,808,0.38138503569823695
835,909,0.41367015199601526
836,1,0.5163977794943223
836,2,0.4714045207910318
836,3,0.4629100498862758
836,14,0.3849001794597505
836,65,0.42163702135578396
836,92,0.7071067811865477
836,93,0.5163977794943223
836,99,0.6666666666666669
836,174,0.4364357804719848
836,208,0.3849001794597505
836,283,0.408248290463863
836,320,0.408248290463863
836,325,0.5773502691896258
836,326,0.4714045207910318
836,327,0.4714045207910318
836,328,0.3849001794597505
836,329,0.5773502691896258
836,338,0.4629100498862758
836,339,0.5773502691896258
836,359,0.408248290463863
836,360,0.5940885257860046
836,364,0.408248290463863
836,368,0.5163977794943223
836,369,0.5773502691896258
836,374,0.408248290463863
836,384,0.4364357804719848
836,386,0.5773502691896258
836,387,0.420084025208403
836,388,0.5163977794943223
836,405,0.816496580927726
836,407,0.5163977794943223
836,495,0.4364357804719848
836,593,0.4714045207910318
836,602,0.4629100498862758
836,603,0.4364357804719848
836,758,0.3849001794597505
836,772,0.3849001794597505
836,790,0.5163977794943223
836,794,0.5477225575051662
836,807,0.4364357804719848
836,911,0.4714045207910318
836,930,0.5163977794943223
836,931,0.5773502691896258
836,932,0.4364357804719848
836,933,0.5773502691896258
839,29,0.5443310539518174
839,43,0.5
839,154,0.44721359549995787
839,166,0.3779644730092272
839,172,0.4868644955601476
839,181,0.5773502691896258
839,226,0.4811252243246882
839,234,0.4216370213557839
839,420,0.3779644730092272
839,421,0.7071067811865475
839,425,0.3779644730092272
839,462,0.3849001794597505
839,536,0.3849001794597506
839,808,0.4216370213557839
839,829,0.3779644730092272
839,830,0.408248290463863
839,846,0.408248290463863
840,20,0.5345224838248487
840,35,0.39223227027636803
840,36,0.4714045207910316
840,41,0.5590169943749475
840,46,0.4082482904638631
840,50,0.7499999999999999
840,51,0.5590169943749475
840,52,0.7071067811865475
840,54,0.37688918072220445
840,55,0.49497474683058323
840,56,0.4724555912615341
840,60,0.4714045207910316
840,64,0.4472135954999579
840,68,0.408248290463863
840,69,0.408248290463863
840,71,0.4714045207910316
840,101,0.5773502691896258
840,248,0.4714045207910316
840,359,0.4999999999999999
840,361,0.43301270189221935
840,671,0.42874646285627205
840,726,0.6324555320336758
840,739,0.37499999999999994
840,754,0.5773502691896258
840,781,0.4082482904638631
840,792,0.5773502691896258
840,912,0.4008918628686365
841,99,0.3872983346207417
841,360,0.38348249442368515
842,26,0.408248290463863
842,29,0.408248290463863
842,150,0.408248290463863
842,172,0.4868644955601476
842,198,0.502518907629606
842,204,0.3849001794597505
842,241,0.3849001794597505
842,251,0.4714045207910316
842,483,0.44721359549995787
842,495,0.3779644730092272
842,778,0.4042260417272216
842,801,0.3928371006591931
842,856,0.408248290463863
842,873,0.5773502691896258
842,893,0.7071067811865475
842,894,0.7071067811865475
842,918,0.5555555555555555
843,47,0.5773502691896258
843,87,0.5773502691896258
843,330,0.408248290463863
843,353,0.408248290463863
843,710,0.408248290463863
843,855,0.5773502691896258
845,624,0.43082021842766455
846,179,0.4082482904638631
846,181,0.4714045207910318
846,421,0.5773502691896258
846,423,0.4082482904638631
846,691,0.4082482904638631
846,839,0.408248290463863
848,378,0.4170288281141495
848,767,0.42135048580019224
848,770,0.42135048580019224
849,415,0.3779644730092272
850,789,0.39999999999999997
852,113,0.4472135954999579
852,221,0.4472135954999579
852,281,0.4472135954999579
852,587,0.4472135954999579
853,857,0.6
855,330,0.7071067811865475
855,710,0.7071067811865475
855,843,0.5773502691896258
856,842,0.408248290463863
856,873,0.4714045207910318
856,893,0.5773502691896258
856,894,0.5773502691896258
856,918,0.408248290463863
857,245,0.3721042037676254
857,736,0.5163977794943223
857,853,0.6
858,166,0.5669467095138407
858,179,0.5
858,423,0.5
858,480,0.4472135954999579
858,513,0.3779644730092272
858,691,0.5
859,477,0.4472135954999579
860,11,0.5
860,323,0.5773502691896258
860,334,0.4082482904638631
860,432,0.5
860,475,0.4472135954999579
860,481,0.3779644730092272
860,491,0.5163977794943222
860,492,0.5163977794943222
860,493,0.4330127018922194
860,506,0.4472135954999579
860,539,0.4082482904638631
860,558,0.3779644730092272
860,593,0.4082482904638631
860,607,0.4082482904638631
860,615,0.3779644730092272
860,681,0.6123724356957946
860,924,0.6123724356957946
860,926,0.7071067811865475
861,887,0.420084025208403
861,891,0.44721359549995804
862,678,0.408248290463863
862,866,0.42640143271122083
862,887,0.42874646285627205
862,891,0.4564354645876384
862,892,0.5773502691896258
862,903,0.408248290463863
863,92,0.4082482904638631
863,99,0.43301270189221935
863,189,0.4082482904638631
863,360,0.42874646285627205
863,569,0.375
863,602,0.4008918628686366
863,615,0.3779644730092272
863,720,0.4082482904638631
863,864,0.4472135954999579
863,885,0.5
863,887,0.48507125007266594
863,891,0.5163977794943222
863,892,0.4082482904638631
863,903,0.5773502691896258
864,483,0.39999999999999997
864,863,0.4472135954999579
864,868,0.4338609156373123
864,881,0.44721359549995787
864,885,0.4472135954999579
865,222,0.4008918628686365
865,866,0.5698028822981897
865,881,0.3779644730092272
865,887,0.5500190982169267
865,892,0.46291004988627577
865,897,0.5345224838248487
866,118,0.40451991747794525
866,341,0.38138503569823695
866,862,0.42640143271122083
866,865,0.5698028822981897
866,881,0.502518907629606
866,887,0.7312724241271307
866,891,0.5449492609130661
866,892,0.492365963917331
866,897,0.42640143271122083
868,864,0.4338609156373123
868,875,0.5423261445466404
868,908,0.4042260417272216
869,899,0.4330127018922194
872,683,0.39999999999999997
873,26,0.4714045207910318
873,198,0.5222329678670936
873,219,0.4364357804719848
873,251,0.408248290463863
873,483,0.5163977794943223
873,842,0.5773502691896258
873,856,0.4714045207910318
873,881,0.3849001794597505
873,884,0.408248290463863
873,893,0.816496580927726
873,894,0.816496580927726
873,897,0.408248290463863
873,918,0.5773502691896258
873,919,0.5000000000000001
875,196,0.3721042037676254
875,868,0.5423261445466404
875,908,0.44721359549995787
877,720,0.4082482904638631
877,891,0.3872983346207417
878,32,0.420084025208403
878,334,0.4714045207910318
878,459,0.408248290463863
878,471,0.4714045207910318
878,491,0.44721359549995804
878,492,0.44721359549995804
878,515,0.408248290463863
878,562,0.408248290463863
878,567,0.408248290463863
878,568,0.408248290463863
878,647,0.3849001794597505
878,673,0.3849001794597505
878,926,0.408248290463863
879,52,0.4008918628686366
879,61,0.4780914437337575
879,329,0.4008918628686366
879,369,0.4008918628686366
879,386,0.4008918628686366
879,405,0.3779644730092272
879,537,0.4364357804719849
879,619,0.4008918628686366
879,677,0.37796447300922725
879,706,0.37062465833055064
879,745,0.40406101782088427
879,792,0.5455447255899811
879,904,0.4364357804719849
879,912,0.6060915267313264
879,915,0.5345224838248488
879,931,0.44543540318737396
881,105,0.4216370213557839
881,118,0.44721359549995787
881,213,0.408248290463863
881,631,0.4409585518440984
881,864,0.44721359549995787
881,865,0.3779644730092272
881,866,0.502518907629606
881,873,0.3849001794597505
881,884,0.4714045207910316
881,887,0.4042260417272216
881,893,0.4714045207910316
881,894,0.4714045207910316
881,897,0.4714045207910316
884,127,0.408248290463863
884,873,0.408248290463863
884,881,0.4714045207910316
884,893,0.4999999999999999
884,894,0.4999999999999999
884,897,0.4999999999999999
884,900,0.43301270189221935
885,189,0.4082482904638631
885,863,0.5
885,864,0.4472135954999579
886,188,0.4714045207910318
887,118,0.4338609156373123
887,341,0.38348249442368526
887,615,0.4583492485141056
887,720,0.4950737714883372
887,738,0.3704792868174742
887,861,0.420084025208403
887,862,0.42874646285627205
887,863,0.48507125007266594
887,865,0.5500190982169267
887,866,0.7312724241271307
887,881,0.4042260417272216
887,891,0.6888467201936643
887,892,0.4950737714883372
887,903,0.560112033611204
891,615,0.3903600291794132
891,720,0.42163702135578396
891,738,0.39440531887330776
891,861,0.44721359549995804
891,862,0.4564354645876384
891,863,0.5163977794943222
891,866,0.5449492609130661
891,877,0.3872983346207417
891,887,0.6888467201936643
891,892,0.5270462766947299
891,899,0.3872983346207417
891,903,0.596284793999944
892,17,0.4082482904638631
892,552,0.4082482904638631
892,678,0.4714045207910318
892,862,0.5773502691896258
892,863,0.4082482904638631
892,865,0.46291004988627577
892,866,0.492365963917331
892,887,0.4950737714883372
892,891,0.5270462766947299
892,903,0.4714045207910318
893,26,0.5773502691896258
893,172,0.38729833462074165
893,198,0.6396021490668312
893,204,0.408248290463863
893,241,0.408248290463863
893,251,0.4999999999999999
893,483,0.6324555320336758
893,631,0.4008918628686365
893,842,0.7071067811865475
893,856,0.5773502691896258
893,873,0.816496580927726
893,881,0.4714045207910316
893,884,0.4999999999999999
893,894,0.9999999999999998
893,897,0.4999999999999999
893,918,0.7071067811865475
893,919,0.408248290463863
894,26,0.5773502691896258
894,172,0.38729833462074165
894,198,0.6396021490668312
894,204,0.408248290463863
894,241,0.408248290463863
894,251,0.4999999999999999
894,483,0.6324555320336758
894,631,0.4008918628686365
894,842,0.7071067811865475
894,856,0.5773502691896258
894,873,0.816496580927726
894,881,0.4714045207910316
894,884,0.4999999999999999
894,893,0.9999999999999998
894,897,0.4999999999999999
894,918,0.7071067811865475
894,919,0.408248290463863
897,570,0.3779644730092272
897,865,0.5345224838248487
897,866,0.42640143271122083
897,873,0.408248290463863
897,881,0.4714045207910316
897,884,0.4999999999999999
897,893,0.4999999999999999
897,894,0.4999999999999999
899,522,0.5669467095138407
899,869,0.4330127018922194
899,891,0.3872983346207417
900,884,0.43301270189221935
901,156,0.39283710065919314
901,828,0.4082482904638631
903,92,0.4714045207910318
903,99,0.5000000000000001
903,208,0.3849001794597505
903,283,0.408248290463863
903,359,0.408248290463863
903,360,0.49507377148833714
903,364,0.408248290463863
903,405,0.408248290463863
903,602,0.4629100498862758
903,615,0.4364357804719848
903,720,0.4714045207910318
903,772,0.3849001794597505
903,795,0.408248290463863
903,862,0.408248290463863
903,863,0.5773502691896258
903,887,0.560112033611204
903,891,0.596284793999944
903,892,0.4714045207910318
904,61,0.5477225575051662
904,111,0.6804138174397717
904,115,0.43301270189221935
904,207,0.7071067811865477
904,382,0.408248290463863
904,537,0.5000000000000001
904,557,0.5443310539518174
904,559,0.4082482904638631
904,560,0.5000000000000001
904,610,0.6454972243679029
904,611,0.7216878364870323
904,621,0.6804138174397717
904,625,0.43301270189221935
904,696,0.5477225575051662
904,703,0.492365963917331
904,704,0.5163977794943223
904,706,0.45291081365783836
904,745,0.46291004988627577
904,782,0.5477225575051662
904,784,0.5000000000000001
904,789,0.38729833462074176
904,879,0.4364357804719849
905,179,0.4472135954999579
905,423,0.4472135954999579
905,691,0.4472135954999579
908,154,0.44721359549995787
908,196,0.46225016352102427
908,688,0.40201512610368484
908,689,0.3779644730092272
908,868,0.4042260417272216
908,875,0.44721359549995787
909,29,0.4900980294098034
909,503,0.38892223413129856
909,536,0.39605901719066977
909,749,0.38892223413129856
909,835,0.41367015199601526
909,932,0.38892223413129856
910,29,0.6123724356957946
910,61,0.4472135954999579
910,161,0.4082482904638631
910,179,0.5
910,186,0.5
910,341,0.4743416490252569
910,352,0.3779644730092272
910,423,0.5
910,503,0.3779644730092272
910,535,0.6708203932499369
910,536,0.4330127018922194
910,537,0.4082482904638631
910,546,0.4472135954999579
910,547,0.5773502691896258
910,554,0.8660254037844388
910,557,0.5
910,558,0.3779644730092272
910,559,0.5
910,606,0.5
910,612,0.5773502691896258
910,613,0.3779644730092272
910,619,0.5
910,620,0.5773502691896258
910,624,0.5303300858899106
910,677,0.5303300858899106
910,691,0.5
910,709,0.4472135954999579
910,745,0.3779644730092272
910,825,0.5
910,912,0.3779644730092272
911,14,0.408248290463863
911,65,0.37267799624996495
911,92,0.5000000000000001
911,99,0.4714045207910318
911,174,0.6172133998483676
911,314,0.4082482904638631
911,325,0.8164965809277261
911,326,0.6666666666666669
911,327,0.5000000000000001
911,328,0.6804138174397717
911,329,0.8164965809277261
911,338,0.43643578047198484
911,339,0.4082482904638631
911,360,0.42008402520840293
911,368,0.5477225575051662
911,369,0.8164965809277261
911,374,0.43301270189221935
911,384,0.6172133998483676
911,386,0.6123724356957946
911,387,0.39605901719066977
911,405,0.5773502691896258
911,407,0.5477225575051662
911,442,0.4714045207910318
911,540,0.41403933560541256
911,547,0.4714045207910318
911,556,0.7302967433402215
911,559,0.4082482904638631
911,593,0.5000000000000001
911,602,0.43643578047198484
911,603,0.6172133998483676
911,605,0.4714045207910318
911,619,0.4082482904638631
911,624,0.43301270189221935
911,741,0.39605901719066977
911,742,0.39605901719066977
911,790,0.7302967433402215
911,794,0.6454972243679029
911,807,0.46291004988627577
911,836,0.4714045207910318
911,931,0.5443310539518174
911,932,0.46291004988627577
911,933,0.6123724356957946
912,20,0.4285714285714285
912,36,0.3779644730092272
912,50,0.4008918628686365
912,52,0.5669467095138407
912,60,0.3779644730092272
912,65,0.41403933560541245
912,69,0.4364357804719848
912,71,0.3779644730092272
912,76,0.5070925528371099
912,101,0.46291004988627577
912,186,0.3779644730092272
912,314,0.3779644730092272
912,329,0.3779644730092272
912,369,0.3779644730092272
912,382,0.3779644730092272
912,386,0.3779644730092272
912,425,0.4285714285714285
912,436,0.5070925528371099
912,503,0.5714285714285713
912,535,0.6761234037828131
912,536,0.4364357804719848
912,546,0.6761234037828131
912,547,0.4364357804719848
912,554,0.4364357804719848
912,559,0.3779644730092272
912,602,0.40406101782088427
912,605,0.4364357804719848
912,606,0.5039526306789696
912,612,0.4364357804719848
912,619,0.7559289460184544
912,624,0.4008918628686365
912,677,0.5345224838248487
912,687,0.4780914437337574
912,726,0.5070925528371099
912,754,0.46291004988627577
912,781,0.4364357804719848
912,783,0.3779644730092272
912,789,0.4780914437337574
912,791,0.4780914437337574
912,792,0.7715167498104596
912,825,0.3779644730092272
912,840,0.4008918628686365
912,879,0.6060915267313264
912,910,0.3779644730092272
912,915,0.7559289460184544
912,916,0.6299407883487119
912,917,0.45584230583855173
912,929,0.5070925528371099
912,931,0.3779644730092272
913,14,0.4576043153224294
913,327,0.5604485383178051
913,388,0.5262348115842176
913,442,0.3962969619506086
913,495,0.5188745216627708
913,737,0.554700196225229
913,768,0.5241424183609592
913,775,0.4902903378454601
913,778,0.42808634473904467
913,794,0.3721042037676254
913,801,0.41602514716892186
913,807,0.3706246583305506
913,808,0.3721042037676254
913,930,0.5262348115842176
913,932,0.4447495899966607
915,9,0.4472135954999579
915,19,0.4330127018922194
915,20,0.3779644730092272
915,23,0.4472135954999579
915,52,0.5
915,62,0.4743416490252569
915,69,0.5773502691896258
915,76,0.6708203932499369
915,90,0.3779644730092272
915,101,0.4082482904638631
915,425,0.3779644730092272
915,436,0.4472135954999579
915,503,0.3779644730092272
915,559,0.5
915,613,0.3779644730092272
915,677,0.5303300858899106
915,689,0.3779644730092272
915,692,0.4082482904638631
915,695,0.3779644730092272
915,726,0.4472135954999579
915,749,0.3779644730092272
915,754,0.4082482904638631
915,781,0.4330127018922194
915,782,0.4472135954999579
915,783,0.5
915,784,0.4082482904638631
915,785,0.3779644730092272
915,786,0.4082482904638631
915,792,0.8164965809277261
915,879,0.5345224838248488
915,912,0.7559289460184544
915,917,0.6030226891555273
915,929,0.4472135954999579
916,503,0.5039526306789696
916,535,0.5962847939999438
916,536,0.3849001794597506
916,546,0.5962847939999438
916,547,0.3849001794597505
916,554,0.3849001794597505
916,605,0.3849001794597505
916,606,0.4444444444444444
916,612,0.3849001794597505
916,619,0.6666666666666666
916,785,0.3779644730092272
916,789,0.4216370213557839
916,791,0.4216370213557839
916,792,0.408248290463863
916,912,0.6299407883487119
916,929,0.44721359549995787
917,20,0.45584230583855173
917,62,0.38138503569823695
917,76,0.40451991747794525
917,749,0.45584230583855173
917,792,0.492365963917331
917,912,0.45584230583855173
917,915,0.6030226891555273
918,26,0.408248290463863
918,117,0.3779644730092272
918,198,0.502518907629606
918,204,0.3849001794597505
918,241,0.3849001794597505
918,251,0.7071067811865475
918,483,0.44721359549995787
918,778,0.4042260417272216
918,788,0.44721359549995787
918,842,0.5555555555555555
918,856,0.408248290463863
918,873,0.5773502691896258
918,893,0.7071067811865475
918,894,0.7071067811865475
919,37,0.38729833462074176
919,38,0.4330127018922194
919,199,0.3849001794597506
919,873,0.5000000000000001
919,893,0.408248290463863
919,894,0.408248290463863
920,203,0.4714045207910318
920,206,0.4082482904638631
921,144,0.4834937784152282
924,432,0.4082482904638631
924,475,0.5477225575051662
924,477,0.4082482904638631
924,481,0.46291004988627577
924,482,0.4082482904638631
924,491,0.42163702135578396
924,492,0.42163702135578396
924,647,0.5443310539518174
924,860,0.6123724356957946
924,926,0.5773502691896258
925,61,0.5163977794943223
925,111,0.3849001794597506
925,560,0.5892556509887897
925,562,0.408248290463863
925,576,0.5962847939999439
926,32,0.5144957554275265
926,173,0.4999999999999999
926,323,0.408248290463863
926,455,0.42640143271122083
926,456,0.408248290463863
926,459,0.4999999999999999
926,478,0.408248290463863
926,484,0.42640143271122083
926,485,0.408248290463863
926,491,0.5477225575051661
926,492,0.5477225575051661
926,493,0.408248290463863
926,512,0.408248290463863
926,515,0.4999999999999999
926,520,0.4472135954999579
926,533,0.39223227027636803
926,542,0.408248290463863
926,558,0.5345224838248487
926,562,0.4999999999999999
926,567,0.4999999999999999
926,568,0.4999999999999999
926,579,0.408248290463863
926,620,0.408248290463863
926,646,0.39223227027636803
926,647,0.4714045207910316
926,655,0.408248290463863
926,673,0.4714045207910316
926,686,0.42640143271122083
926,860,0.7071067811865475
926,878,0.408248290463863
926,924,0.5773502691896258
927,108,0.4082482904638631
927,466,0.4082482904638631
928,613,0.3706246583305506
928,717,0.5547001962252291
928,779,0.4803844614152615
928,783,0.4902903378454601
928,784,0.4003203845127179
928,785,0.3706246583305506
929,52,0.4472135954999579
929,55,0.4472135954999579
929,62,0.4242640687119285
929,65,0.40824829046386296
929,68,0.5163977794943223
929,99,0.3872983346207417
929,314,0.4472135954999579
929,329,0.4472135954999579
929,359,0.6324555320336758
929,360,0.4601789933084222
929,361,0.5477225575051662
929,369,0.4472135954999579
929,386,0.4472135954999579
929,412,0.3721042037676254
929,436,0.39999999999999997
929,503,0.5070925528371099
929,535,0.39999999999999997
929,543,0.39999999999999997
929,546,0.39999999999999997
929,559,0.4472135954999579
929,572,0.39999999999999997
929,605,0.5163977794943223
929,619,0.4472135954999579
929,726,0.39999999999999997
929,781,0.38729833462074176
929,782,0.39999999999999997
929,783,0.4472135954999579
929,791,0.4242640687119285
929,792,0.7302967433402215
929,912,0.5070925528371099
929,915,0.4472135954999579
929,916,0.44721359549995787
930,1,0.39999999999999997
930,10,0.40451991747794525
930,14,0.5962847939999438
930,22,0.3721042037676254
930,25,0.4472135954999579
930,30,0.39999999999999997
930,34,0.4472135954999579
930,46,0.38729833462074176
930,65,0.48989794855663554
930,92,0.5477225575051662
930,93,0.6
930,99,0.5163977794943223
930,104,0.4472135954999579
930,320,0.47434164902525683
930,325,0.4472135954999579
930,327,0.7302967433402215
930,329,0.4472135954999579
930,339,0.4472135954999579
930,360,0.4601789933084222
930,368,0.39999999999999997
930,369,0.4472135954999579
930,371,0.5393598899705937
930,386,0.4472135954999579
930,388,0.7999999999999999
930,405,0.6324555320336758
930,407,0.39999999999999997
930,442,0.5163977794943223
930,495,0.6761234037828131
930,546,0.39999999999999997
930,572,0.39999999999999997
930,758,0.44721359549995787
930,768,0.4780914437337575
930,781,0.38729833462074176
930,788,0.39999999999999997
930,790,0.39999999999999997
930,794,0.4242640687119285
930,801,0.4216370213557839
930,836,0.5163977794943223
930,913,0.5262348115842176
930,931,0.44721359549995787
930,932,0.6761234037828131
930,933,0.4472135954999579
931,1,0.44721359549995787
931,2,0.408248290463863
931,20,0.3779644730092272
931,22,0.5547001962252291
931,36,0.4444444444444444
931,52,0.5
931,60,0.4444444444444444
931,69,0.3849001794597505
931,92,0.5443310539518174
931,93,0.44721359549995787
931,99,0.4811252243246881
931,101,0.408248290463863
931,174,0.5039526306789696
931,325,0.6666666666666666
931,326,0.5443310539518174
931,327,0.5443310539518174
931,328,0.4444444444444444
931,329,0.6666666666666666
931,339,0.5
931,360,0.40016336533252056
931,368,0.44721359549995787
931,369,0.6666666666666666
931,384,0.5039526306789696
931,386,0.5
931,387,0.4042260417272216
931,388,0.44721359549995787
931,398,0.3849001794597505
931,405,0.7071067811865475
931,407,0.44721359549995787
931,495,0.3779644730092272
931,556,0.44721359549995787
931,585,0.3849001794597505
931,593,0.5443310539518174
931,603,0.5039526306789696
931,678,0.3849001794597505
931,726,0.44721359549995787
931,741,0.5659164584181102
931,742,0.5659164584181102
931,743,0.4303314829119351
931,754,0.408248290463863
931,758,0.4444444444444444
931,790,0.44721359549995787
931,792,0.408248290463863
931,794,0.5270462766947299
931,807,0.3779644730092272
931,836,0.5773502691896258
931,879,0.44543540318737396
931,911,0.5443310539518174
931,912,0.3779644730092272
931,930,0.44721359549995787
931,932,0.5039526306789696
931,933,0.6666666666666666
932,3,0.40406101782088427
932,14,0.6299407883487119
932,29,0.46291004988627577
932,65,0.48304589153964794
932,92,0.46291004988627577
932,99,0.4364357804719848
932,174,0.4285714285714285
932,325,0.5669467095138407
932,326,0.46291004988627577
932,327,0.7715167498104596
932,328,0.3779644730092272
932,329,0.5669467095138407
932,339,0.3779644730092272
932,360,0.38892223413129856
932,369,0.5669467095138407
932,384,0.4285714285714285
932,386,0.3779644730092272
932,388,0.6761234037828131
932,405,0.5345224838248487
932,442,0.4364357804719848
932,495,0.5714285714285713
932,544,0.5070925528371099
932,552,0.3779644730092272
932,585,0.4364357804719848
932,593,0.6172133998483676
932,596,0.3779644730092272
932,602,0.40406101782088427
932,603,0.4285714285714285
932,758,0.3779644730092272
932,768,0.40406101782088427
932,836,0.4364357804719848
932,909,0.38892223413129856
932,911,0.46291004988627577
932,913,0.4447495899966607
932,930,0.6761234037828131
932,931,0.5039526306789696
932,933,0.5669467095138407
933,1,0.4472135954999579
933,2,0.4082482904638631
933,3,0.4008918628686366
933,5,0.3779644730092272
933,92,0.6123724356957946
933,93,0.4472135954999579
933,99,0.5773502691896258
933,174,0.5669467095138407
933,320,0.5303300858899106
933,325,0.75
933,326,0.6123724356957946
933,327,0.6123724356957946
933,328,0.5
933,329,0.75
933,338,0.4008918628686366
933,339,0.5
933,360,0.5144957554275265
933,368,0.4472135954999579
933,369,0.75
933,384,0.5669467095138407
933,385,0.4082482904638631
933,386,0.5
933,388,0.4472135954999579
933,405,0.7071067811865475
933,407,0.4472135954999579
933,495,0.3779644730092272
933,556,0.4472135954999579
933,593,0.6123724356957946
933,602,0.4008918628686366
933,603,0.5669467095138407
933,726,0.4472135954999579
933,743,0.38729833462074165
933,790,0.4472135954999579
933,794,0.4743416490252569
933,807,0.3779644730092272
933,836,0.5773502691896258
933,911,0.6123724356957946
933,930,0.4472135954999579
933,931,0.6666666666666666
933,932,0.5669467095138407
